# ID,targets
4,7
7,2
10,2
14,2
15,7
16,2
17,7
22,2
26,2
28,2
39,7
46,2
51,7
57,7
58,2
63,7
65,2
67,2
77,7
82,7
91,2
97,2
99,7
104,7
105,2
110,2
114,7
115,2
124,7
125,7
129,2
130,7
132,2
135,2
138,2
162,2
168,7
171,7
183,7
185,2
191,7
193,7
195,2
203,7
204,7
207,7
208,7
213,7
218,2
238,7
240,2
242,2
244,7
246,2
250,7
255,2
260,2
261,2
262,7
276,7
280,7
290,2
296,7
298,7
301,7
308,7
309,7
310,7
315,2
320,2
324,7
326,2
328,2
334,2
338,2
339,7
341,7
345,7
349,7
356,2
362,7
382,7
388,7
391,2
392,7
398,2
407,2
422,2
425,2
426,2
427,2
428,2
444,7
458,7
464,2
467,7
469,7
472,7
476,7
485,7
494,7
496,2
497,7
503,7
504,7
509,2
510,7
513,2
520,2
526,7
529,2
532,7
538,7
540,7
541,2
543,7
548,2
558,7
565,7
568,2
575,2
580,7
582,2
585,2
599,2
603,7
606,7
617,7
628,2
629,2
630,7
632,7
644,7
657,2
658,2
659,2
664,7
665,7
669,2
672,7
680,7
691,7
695,2
696,2
701,2
706,7
714,2
715,7
721,2
727,7
728,7
731,2
734,7
780,2
787,2
795,7
799,2
804,7
807,2
811,7
818,7
823,7
829,2
846,7
849,2
850,2
851,2
855,2
857,2
860,7
869,2
870,2
880,7
882,2
885,2
890,2
895,7
900,7
915,2
916,7
918,2
925,7
931,2
933,7
945,2
950,2
957,2
959,2
962,2
969,2
971,7
972,7
973,2
976,7
989,7
992,7
1003,7
1006,2
1009,2
1020,7
1023,7
1038,7
1039,7
1042,7
1051,7
1054,7
1063,2
1066,2
1071,7
1076,7
1077,7
1091,7
1092,7
1093,2
1094,2
1111,7
1113,2
1114,7
1115,7
1117,7
1128,7
1136,7
1137,7
1143,7
1145,2
1154,2
1162,7
1164,2
1169,7
1171,7
1176,2
1178,2
1190,2
1193,2
1195,7
1196,7
1199,2
1202,2
1203,2
1218,7
1219,2
1222,7
1223,2
1225,2
1229,2
1235,7
1237,7
1243,7
1244,7
1249,2
1259,7
1261,7
1262,7
1270,2
1273,7
1275,7
1280,2
1292,2
1294,2
1302,2
1307,7
1323,2
1329,2
1332,7
1334,2
1348,2
1352,2
1355,7
1369,7
1372,2
1374,7
1387,7
1390,7
1394,7
1398,2
1404,7
1405,7
1411,7
1419,7
1423,2
1424,2
1426,2
1428,7
1429,2
1431,2
1436,2
1443,2
1450,2
1455,7
1462,2
1467,2
1478,2
1479,7
1480,2
1481,7
1483,7
1485,7
1489,7
1491,7
1492,2
1496,7
1504,2
1507,2
1517,2
1528,7
1536,7
1540,7
1541,2
1543,7
1544,2
1558,2
1559,7
1570,7
1572,2
1581,2
1582,7
1585,2
1590,2
1592,7
1595,2
1607,7
1609,2
1611,7
1620,2
1625,7
1636,2
1637,7
1639,7
1640,7
1642,7
1647,7
1651,7
1654,2
1659,7
1660,7
1666,7
1671,7
1672,7
1681,7
1710,7
1713,7
1715,7
1726,2
1731,7
1745,2
1750,7
1753,7
1760,2
1769,7
1770,2
1776,7
1777,2
1783,7
1786,2
1793,2
1796,7
1798,7
1800,2
1808,7
1815,2
1817,7
1818,7
1821,7
1829,2
1838,2
1845,7
1850,7
1852,7
1853,7
1854,7
1861,2
1866,2
1868,7
1873,7
1874,2
1875,2
1878,2
1885,2
1896,7
1899,2
1901,7
1907,2
1908,2
1910,2
1912,7
1922,7
1928,2
1929,2
1930,7
1935,2
1936,2
1945,7
1946,2
1951,2
1971,2
1972,7
1980,2
1981,7
1982,7
1986,2
1989,2
1995,2
1997,2
2009,2
2010,2
2016,2
2023,2
2024,7
2025,7
2042,2
2044,2
2045,2
2046,7
2049,7
2051,7
2053,7
2054,2
2059,2
2070,7
2076,7
2077,7
2079,7
2084,7
2087,2
2088,7
2090,2
2099,7
2102,7
2103,7
2105,2
2107,7
2108,7
2109,2
2113,2
2123,7
2127,2
2133,7
2134,7
2135,7
2137,2
2144,7
2151,7
2155,2
2156,2
2160,7
2164,7
2165,7
2173,7
2176,7
2182,7
2189,2
2191,2
2197,7
2206,2
2211,2
2212,7
2222,7
2228,7
2238,7
2239,2
2242,2
2243,2
2245,2
2248,7
2256,2
2257,7
2260,7
2265,7
2287,2
2300,2
2307,2
2308,2
2310,7
2316,7
2320,7
2329,7
2330,2
2336,2
2337,7
2339,7
2347,2
2349,2
2356,7
2360,7
2364,7
2372,2
2376,7
2385,7
2390,2
2397,7
2404,2
2408,7
2415,7
2425,7
2427,7
2431,7
2443,7
2445,7
2454,2
2467,2
2469,7
2472,7
2479,7
2486,2
2494,2
2495,2
2496,7
2511,7
2518,2
2519,2
2530,7
2532,2
2535,7
2546,7
2548,7
2556,7
2574,2
2576,7
2584,7
2585,7
2599,2
2605,2
2608,7
2610,2
2612,2
2615,7
2622,7
2624,7
2628,2
2629,7
2630,2
2636,2
2637,7
2643,7
2646,2
2647,7
2649,2
2655,2
2658,2
2660,7
2671,2
2681,2
2682,2
2684,2
2690,2
2695,2
2696,2
2701,7
2716,7
2729,2
2730,2
2733,2
2734,7
2739,2
2747,2
2749,7
2751,7
2753,2
2757,7
2775,7
2777,7
2781,7
2785,2
2788,2
2791,2
2794,2
2802,7
2807,7
2810,2
2819,2
2821,2
2823,7
2825,2
2834,7
2838,2
2839,2
2841,7
2847,7
2849,2
2856,7
2861,2
2862,2
2871,7
2878,7
2879,2
2890,2
2892,2
2898,2
2901,2
2906,7
2922,2
2923,7
2927,2
2928,2
2932,7
2937,2
2938,7
2939,7
2942,2
2948,2
2949,2
2952,7
2953,7
2956,2
2958,7
2965,7
2966,7
2969,2
2977,7
2980,7
2983,2
2990,2
2991,2
2993,7
2998,2
3000,7
3003,7
3011,7
3033,7
3036,2
3043,7
3049,2
3055,2
3056,2
3057,7
3059,2
3068,2
3077,2
3078,7
3079,7
3082,7
3098,2
3099,2
3103,7
3106,2
3108,7
3112,2
3119,2
3120,2
3127,7
3131,2
3132,7
3135,2
3142,2
3143,7
3145,7
3161,2
3162,2
3164,2
3171,7
3172,7
3185,2
3192,7
3201,2
3202,2
3211,2
3216,2
3218,7
3225,2
3230,2
3235,2
3239,2
3244,2
3251,2
3256,2
3257,2
3266,7
3274,7
3285,7
3286,7
3289,2
3290,2
3291,2
3294,7
3300,2
3304,2
3308,7
3313,7
3315,2
3319,7
3321,2
3325,7
3328,7
3332,7
3336,7
3338,7
3341,7
3354,7
3372,7
3377,7
3382,7
3385,2
3388,2
3391,2
3395,7
3397,7
3400,7
3409,7
3416,7
3435,2
3436,7
3439,7
3448,2
3449,7
3452,7
3457,7
3458,7
3459,7
3463,2
3464,2
3470,2
3472,7
3477,2
3482,2
3492,2
3495,7
3498,7
3508,7
3511,2
3515,7
3516,2
3519,2
3523,7
3530,2
3533,7
3537,7
3538,2
3540,7
3546,7
3547,7
3551,7
3555,7
3558,7
3563,2
3573,2
3577,7
3579,7
3580,7
3586,7
3594,2
3596,7
3598,7
3602,2
3603,7
3604,2
3606,7
3613,2
3618,2
3630,7
3638,7
3643,2
3645,2
3646,2
3649,2
3654,7
3658,2
3659,7
3661,7
3663,2
3664,7
3673,2
3675,2
3676,7
3687,2
3706,7
3707,2
3717,2
3721,7
3730,2
3740,2
3743,2
3747,2
3750,7
3757,7
3760,7
3763,7
3771,7
3772,2
3781,7
3782,2
3787,2
3788,7
3791,7
3793,2
3798,2
3802,2
3814,2
3836,7
3841,2
3843,7
3844,7
3845,2
3859,2
3860,7
3863,7
3881,2
3896,7
3901,7
3903,7
3907,7
3913,7
3914,2
3924,7
3931,7
3934,7
3951,2
3955,7
3958,2
3959,7
3960,7
3962,7
3963,2
3971,7
3974,2
3975,2
3977,7
3980,7
3981,2
3984,7
3988,2
3998,7
4000,2
4007,2
4013,7
4018,7
4024,7
4027,7
4031,2
4033,7
4044,2
4045,2
4046,2
4050,7
4051,7
4066,7
4067,7
4071,7
4073,7
4079,2
4100,7
4110,2
4117,2
4118,2
4121,7
4128,7
4135,7
4152,7
4157,2
4160,7
4166,2
4172,7
4175,7
4176,7
4177,7
4180,7
4181,7
4183,7
4196,2
4200,2
4202,2
4204,7
4207,7
4211,7
4216,2
4219,7
4222,2
4230,7
4231,7
4238,2
4242,7
4251,7
4254,7
4256,7
4257,7
4266,2
4283,2
4290,2
4291,7
4299,2
4307,7
4309,2
4320,7
4322,2
4338,2
4343,2
4346,2
4349,7
4351,2
4355,7
4363,2
4369,2
4370,7
4376,2
4377,2
4381,2
4382,7
4387,2
4400,2
4403,7
4409,7
4414,7
4421,2
4425,7
4426,2
4435,7
4438,7
4440,7
4442,7
4447,2
4451,7
4464,7
4465,7
4468,2
4472,7
4484,7
4487,7
4490,7
4494,7
4510,7
4514,2
4515,2
4516,2
4517,7
4523,2
4531,7
4532,2
4533,7
4534,2
4542,2
4544,2
4550,2
4553,2
4557,2
4567,2
4568,2
4571,2
4578,7
4580,2
4585,7
4588,2
4606,7
4612,7
4617,2
4621,7
4622,7
4624,7
4626,7
4627,7
4630,2
4631,2
4639,2
4644,2
4650,2
4652,7
4653,7
4661,2
4665,7
4666,7
4675,7
4677,2
4680,2
4685,7
4690,2
4694,7
4695,2
4697,7
4701,2
4718,7
4720,2
4723,7
4724,2
4727,7
4728,7
4730,7
4731,2
4742,2
4743,2
4748,7
4752,2
4756,7
4761,7
4771,7
4787,7
4790,2
4795,2
4798,2
4802,7
4804,2
4807,7
4810,2
4811,7
4813,7
4815,2
4828,2
4830,2
4831,2
4832,7
4838,2
4848,2
4851,2
4852,7
4857,7
4864,2
4877,2
4879,7
4887,2
4889,2
4893,7
4901,2
4903,2
4904,2
4909,2
4911,2
4914,2
4916,2
4951,7
4957,2
4959,7
4960,7
4961,2
4962,2
4963,7
4968,7
4971,7
4978,2
4982,7
4990,7
4991,7
4996,2
5004,7
5008,7
5020,2
5025,2
5038,7
5040,7
5046,2
5049,7
5050,2
5056,2
5063,2
5070,7
5075,7
5101,7
5107,2
5109,7
5111,7
5119,2
5120,2
5126,2
5128,7
5131,7
5134,7
5145,7
5146,7
5147,7
5149,7
5157,7
5169,7
5176,7
5177,2
5180,2
5181,2
5183,7
5187,7
5189,7
5192,7
5193,7
5204,2
5209,2
5222,2
5223,2
5224,7
5227,2
5233,7
5234,7
5236,7
5240,7
5241,2
5247,7
5253,7
5257,2
5267,2
5272,7
5276,7
5278,2
5283,7
5291,7
5300,2
5301,2
5304,7
5306,2
5308,7
5316,7
5322,2
5327,2
5336,7
5338,7
5348,7
5357,2
5370,2
5373,2
5379,7
5383,7
5390,7
5404,7
5406,7
5407,2
5411,7
5412,7
5420,7
5432,2
5437,7
5438,7
5439,7
5442,2
5443,7
5457,2
5469,2
5470,2
5476,2
5477,7
5506,7
5511,7
5512,2
5519,7
5523,2
5530,7
5531,7
5532,7
5540,7
5543,7
5553,2
5554,7
5563,2
5564,2
5567,2
5573,2
5576,2
5581,7
5590,2
5597,7
5598,7
5604,2
5605,2
5607,2
5615,2
5617,7
5633,7
5644,2
5645,7
5647,2
5649,2
5651,7
5662,7
5663,7
5670,7
5671,7
5693,2
5697,2
5703,7
5705,7
5708,2
5710,7
5713,7
5719,7
5722,2
5724,2
5732,7
5738,2
5749,7
5750,7
5752,7
5764,2
5773,2
5783,7
5799,2
5801,7
5808,7
5815,7
5817,7
5820,7
5821,7
5829,7
5830,7
5835,7
5837,7
5843,2
5847,2
5852,2
5873,2
5875,2
5881,2
5892,2
5896,2
5897,2
5899,7
5900,7
5901,2
5902,7
5904,2
5909,7
5917,7
5919,7
5926,7
5937,7
5938,7
5941,2
5959,7
5960,2
5963,7
5967,2
5969,7
5972,2
5975,2
5986,7
5991,7
5993,2
6006,2
6009,2
6035,7
6038,7
6040,7
6043,2
6044,2
6047,2
6051,7
6053,2
6055,2
6057,2
6059,2
6061,7
6069,2
6073,7
6077,2
6084,7
6089,7
6093,7
6113,2
6119,2
6131,2
6137,2
6141,7
6143,2
6152,7
6158,7
6164,7
6169,7
6170,2
6175,2
6187,7
6195,2
6197,7
6199,2
6213,7
6215,7
6220,2
6230,7
6236,7
6247,2
6250,7
6253,7
6256,7
6264,7
6266,2
6273,2
6291,2
6292,7
6294,2
6297,2
6303,7
6305,7
6313,7
6326,7
6333,7
6334,2
6345,7
6348,7
6352,7
6365,2
6373,7
6377,2
6379,2
6382,2
6388,7
6389,2
6390,7
6392,7
6394,2
6395,7
6401,7
6403,2
6410,7
6415,2
6419,7
6426,7
6427,2
6438,2
6446,2
6450,2
6452,2
6458,2
6465,2
6472,2
6475,7
6476,7
6478,2
6479,7
6489,2
6493,2
6502,2
6513,7
6521,2
6543,7
6554,7
6563,2
6574,7
6580,7
6589,2
6600,7
6606,2
6613,2
6619,2
6622,2
6625,7
6627,2
6630,7
6633,2
6637,2
6644,2
6657,7
6659,7
6661,7
6666,2
6669,7
6673,2
6675,2
6682,2
6699,7
6701,2
6702,2
6706,2
6708,7
6715,7
6716,2
6726,7
6743,2
6747,2
6754,7
6760,7
6764,2
6765,7
6767,2
6769,2
6772,7
6775,2
6777,7
6778,7
6779,7
6780,2
6786,2
6794,2
6807,2
6818,7
6824,2
6828,2
6830,7
6833,7
6835,7
6840,2
6841,2
6842,2
6849,7
6854,7
6856,2
6861,7
6869,2
6870,7
6881,7
6893,2
6896,7
6916,7
6919,2
6924,7
6927,2
6928,2
6929,2
6937,2
6951,7
6954,7
6963,2
6970,7
6977,7
6985,7
6993,2
7000,7
7002,2
7003,2
7007,7
7008,2
7016,7
7024,7
7032,2
7036,2
7044,2
7053,2
7059,7
7064,7
7069,7
7070,7
7074,2
7076,2
7077,2
7078,2
7080,2
7084,2
7085,2
7098,2
7099,2
7101,7
7106,2
7110,7
7112,2
7114,7
7121,7
7123,2
7130,2
7138,7
7140,7
7146,2
7151,2
7157,2
7160,2
7165,2
7166,2
7179,2
7183,2
7184,7
7188,7
7191,7
7195,2
7198,7
7200,2
7206,2
7222,2
7227,2
7231,7
7232,2
7239,2
7241,2
7243,2
7248,2
7255,2
7263,7
7272,2
7276,2
7288,2
7291,2
7301,7
7304,2
7305,7
7307,7
7321,7
7322,2
7324,7
7326,7
7327,7
7328,2
7330,7
7332,7
7334,7
7341,2
7345,7
7349,2
7350,2
7353,7
7354,2
7357,2
7358,7
7359,2
7365,2
7371,2
7375,2
7377,2
7382,2
7384,2
7386,7
7388,2
7389,2
7394,2
7399,7
7400,2
7403,7
7405,2
7409,7
7411,2
7415,2
7420,2
7426,2
7430,2
7433,7
7451,2
7453,7
7454,7
7469,2
7474,7
7481,2
7484,2
7485,7
7488,7
7490,2
7491,7
7502,7
7508,7
7511,2
7512,7
7529,2
7535,7
7540,2
7548,7
7550,7
7551,7
7555,2
7557,7
7563,2
7570,2
7572,7
7581,7
7584,7
7593,7
7595,2
7601,7
7608,7
7613,2
7614,7
7620,2
7622,7
7626,2
7628,7
7631,2
7633,2
7638,7
7640,2
7646,2
7647,7
7654,2
7655,2
7659,2
7666,7
7669,2
7674,7
7676,7
7692,7
7695,2
7698,7
7710,2
7716,7
7717,7
7718,7
7721,2
7725,2
7738,2
7750,7
7751,2
7756,7
7762,2
7765,2
7769,2
7770,7
7776,2
7777,2
7778,2
7787,2
7791,7
7797,2
7801,7
7803,2
7815,2
7818,2
7820,7
7821,2
7831,7
7832,2
7836,2
7850,2
7851,2
7855,7
7866,7
7868,2
7878,7
7882,2
7885,2
7893,2
7894,7
7907,2
7908,7
7911,7
7912,7
7918,2
7919,7
7921,7
7923,7
7934,2
7935,2
7939,2
7942,2
7943,7
7945,7
7950,7
7960,7
7961,2
7962,7
7965,7
7972,7
7974,2
7975,2
7980,2
7983,2
7985,7
7986,7
7988,2
7989,2
7991,2
8002,2
8015,7
8029,7
8035,7
8036,7
8044,7
8046,2
8053,2
8056,7
8058,2
8062,2
8063,2
8064,2
8066,2
8067,2
8071,2
8075,2
8079,7
8081,2
8083,2
8086,7
8089,2
8092,2
8094,2
8104,7
8111,7
8113,2
8117,7
8133,2
8135,2
8138,2
8140,2
8144,7
8145,7
8148,7
8151,7
8156,2
8163,2
8165,7
8170,2
8175,2
8177,7
8178,7
8182,2
8188,2
8193,7
8199,7
8207,7
8209,7
8211,2
8217,7
8218,7
8220,7
8224,7
8234,2
8238,2
8249,7
8253,2
8257,2
8260,7
8265,2
8273,7
8278,7
8280,2
8287,7
8288,2
8303,7
8305,7
8317,2
8318,2
8321,2
8322,2
8332,7
8333,7
8347,2
8352,2
8362,2
8366,7
8367,7
8404,2
8410,2
8416,7
8417,7
8422,7
8425,7
8427,7
8432,7
8437,7
8444,7
8452,2
8454,7
8465,7
8467,7
8480,2
8481,2
8494,7
8495,2
8503,7
8504,2
8506,2
8509,2
8510,2
8511,7
8516,2
8518,2
8530,7
8535,2
8545,2
8552,2
8559,7
8566,2
8567,7
8568,7
8572,2
8576,7
8580,7
8585,7
8589,2
8593,2
8597,2
8601,7
8602,7
8613,7
8617,7
8628,7
8639,7
8641,7
8644,2
8650,2
8651,7
8652,2
8654,2
8658,2
8665,7
8674,7
8676,7
8678,2
8682,7
8685,7
8693,2
8697,7
8699,7
8702,2
8703,2
8707,7
8708,7
8715,7
8723,2
8727,2
8730,2
8732,7
8738,2
8758,7
8759,7
8769,7
8770,2
8779,2
8784,2
8796,2
8798,7
8799,7
8805,7
8806,2
8814,2
8824,2
8825,2
8826,7
8830,2
8839,7
8842,7
8843,2
8845,2
8852,2
8857,7
8860,2
8862,2
8864,7
8867,2
8871,2
8873,7
8878,2
8880,7
8885,7
8889,7
8894,2
8906,2
8915,7
8921,2
8943,7
8944,2
8965,2
8971,2
8976,7
8982,2
9001,7
9009,7
9011,2
9012,7
9017,2
9018,7
9025,2
9032,2
9034,2
9051,2
9052,7
9067,7
9069,2
9078,2
9080,7
9084,7
9093,2
9100,7
9102,2
9104,2
9113,7
9118,7
9125,7
9127,2
9130,7
9132,2
9136,7
9152,7
9158,2
9159,7
9162,2
9165,7
9168,2
9172,2
9179,2
9180,7
9189,7
9196,7
9197,7
9210,7
9215,7
9227,2
9231,7
9232,7
9244,7
9255,7
9269,7
9272,7
9273,2
9283,7
9289,2
9290,7
9295,7
9296,2
9297,7
9301,2
9304,7
9316,2
9318,2
9320,2
9323,2
9333,2
9345,7
9357,7
9359,2
9372,7
9375,7
9377,7
9378,2
9379,7
9385,2
9387,2
9390,7
9394,2
9397,2
9410,2
9411,7
9423,7
9427,7
9428,7
9439,2
9443,2
9446,7
9447,2
9451,7
9452,7
9453,7
9461,7
9467,2
9468,2
9475,7
9479,7
9480,7
9484,2
9503,7
9508,2
9512,7
9514,7
9515,2
9524,2
9537,7
9543,2
9550,2
9552,7
9554,2
9555,7
9556,2
9559,2
9564,7
9572,2
9576,2
9577,7
9582,2
9593,7
9595,2
9613,7
9614,7
9622,7
9626,7
9628,7
9634,7
9639,7
9665,7
9666,7
9672,2
9691,7
9696,2
9699,7
9704,7
9709,2
9711,7
9714,2
9718,7
9720,2
9723,2
9728,7
9732,2
9734,7
9743,2
9744,2
9748,2
9756,2
9758,7
9765,2
9773,7
9776,2
9777,7
9796,2
9801,2
9817,7
9825,7
9835,2
9839,2
9841,2
9845,7
9852,7
9860,2
9874,7
9879,2
9883,7
9897,7
9900,7
9902,7
9907,7
9912,2
9923,7
9933,7
9942,7
9944,2
9951,7
9954,2
9963,2
9968,2
9976,7
9986,7
9992,7
9994,2
9996,2
9999,2
10005,7
10047,7
10050,2
10052,7
10054,7
10056,7
10058,7
10071,2
10072,2
10075,2
10078,7
10081,7
10085,2
10086,2
10088,7
10101,2
10110,7
10115,2
10119,7
10123,7
10124,2
10130,2
10132,2
10137,2
10140,7
10143,2
10149,2
10150,7
10157,2
10158,2
10167,7
10169,2
10190,7
10198,7
10201,2
10209,2
10212,2
10214,2
10215,2
10227,2
10228,7
10229,7
10230,2
10233,7
10237,2
10242,7
10247,2
10248,2
10251,2
10272,2
10284,7
10287,7
10288,7
10291,2
10302,7
10303,7
10307,2
10311,7
10324,2
10326,7
10327,2
10332,2
10341,2
10342,7
10347,7
10348,2
10350,7
10354,7
10358,7
10360,7
10361,7
10381,2
10382,7
10385,2
10386,7
10394,2
10407,7
10415,2
10419,7
10423,2
10424,2
10428,2
10434,2
10435,7
10438,2
10440,2
10449,7
10457,7
10464,7
10468,7
10470,2
10480,7
10481,7
10487,2
10488,2
10489,7
10491,7
10498,7
10501,2
10515,2
10521,7
10528,2
10532,2
10533,2
10534,7
10537,2
10539,7
10554,2
10563,7
10564,7
10565,7
10568,7
10569,2
10577,7
10578,7
10591,7
10592,7
10593,7
10597,7
10608,2
10613,2
10615,7
10620,7
10623,7
10626,7
10633,7
10635,7
10639,2
10640,7
10649,2
10654,2
10656,2
10658,7
10659,7
10664,2
10667,2
10668,7
10685,7
10688,2
10689,2
10692,7
10696,7
10698,7
10703,7
10710,2
10713,7
10716,7
10726,2
10740,7
10741,7
10745,2
10747,7
10753,7
10754,7
10755,2
10756,7
10759,2
10760,2
10761,2
10762,2
10773,7
10778,7
10783,2
10784,2
10794,7
10796,2
10800,7
10806,7
10811,2
10817,7
10819,2
10822,7
10823,2
10830,2
10831,7
10832,7
10836,2
10839,2
10845,2
10850,2
10853,2
10858,7
10860,2
10861,2
10873,2
10875,7
10882,7
10883,2
10886,7
10887,7
10894,7
10895,7
10897,7
10909,2
10915,2
10920,7
10921,7
10930,7
10935,2
10940,2
10947,2
10949,7
10953,7
10954,2
10960,2
10963,7
10964,2
10967,7
10968,2
10973,7
10975,7
10984,7
10988,7
10996,7
11004,2
11005,2
11009,2
11017,2
11019,7
11022,7
11031,7
11034,7
11035,2
11036,2
11038,2
11042,2
11050,7
11051,2
11052,7
11055,2
11061,7
11067,7
11069,2
11085,2
11089,7
11092,7
11096,2
11108,2
11119,2
11120,7
11121,7
11134,7
11139,7
11140,7
11142,2
11143,2
11144,7
11154,2
11165,2
11167,2
11170,7
11177,7
11187,7
11188,7
11190,7
11193,7
11195,7
11197,2
11201,2
11215,7
11217,7
11223,2
11226,2
11228,2
11229,7
11234,2
11236,7
11240,2
11244,2
11250,2
11253,2
11258,2
11260,7
11261,7
11264,7
11265,7
11266,2
11267,2
11268,2
11278,2
11279,2
11288,7
11296,7
11303,2
11313,7
11318,7
11319,2
11334,7
11335,7
11336,2
11340,2
11347,2
11349,7
11354,2
11359,2
11362,7
11365,2
11375,2
11376,7
11382,2
11384,2
11390,7
11394,2
11397,7
11406,2
11409,2
11411,2
11419,2
11421,7
11424,2
11426,2
11432,2
11439,7
11441,7
11444,2
11448,7
11454,7
11456,2
11469,7
11471,2
11474,2
11476,2
11478,7
11484,7
11485,2
11487,7
11497,7
11505,7
11507,2
11511,7
11515,2
11518,2
11523,2
11532,7
11543,7
11551,2
11554,2
11555,7
11557,7
11558,2
11559,7
11560,7
11562,2
11574,2
11580,7
11593,7
11601,2
11610,7
11612,7
11619,2
11625,7
11626,2
11628,7
11631,7
11632,2
11646,2
11647,7
11649,2
11651,2
11653,2
11659,7
11675,2
11679,7
11685,2
11687,2
11688,7
11691,7
11695,7
11701,2
11705,2
11707,2
11712,7
11714,2
11723,2
11727,2
11732,2
11748,7
11753,2
11760,7
11761,7
11767,7
11772,7
11773,2
11774,2
11779,2
11781,7
11782,7
11790,2
11793,2
11794,2
11799,7
11800,7
11803,7
11810,7
11815,7
11830,7
11834,7
11845,2
11856,7
11858,2
11859,7
11862,7
11866,7
11867,2
11870,2
11873,2
11888,7
11891,2
11892,7
11898,2
11908,7
11917,7
11920,2
11921,2
11931,2
11934,7
11937,2
11944,7
11968,7
11969,7
11973,2
11979,2
11982,7
11987,7
11992,2
11998,7
12001,2
12005,2
12015,2
12030,7
12047,2
12049,7
12050,7
12053,2
12058,2
12060,7
12078,2
12081,7
12085,2
12086,7
12094,7
12097,7
12115,2
12121,2
12122,2
12139,2
12140,2
12148,7
12151,2
12155,2
12164,7
12166,7
12173,2
12180,7
12185,2
12189,7
12204,7
12206,2
12208,7
12214,7
12215,7
12222,7
12223,7
12230,7
12231,2
12234,2
12235,7
12240,2
12242,2
12247,2
12254,7
12260,2
12264,2
12267,2
12270,2
12285,7
12294,2
12297,2
12301,7
12305,7
12306,2
12309,7
12312,2
12319,7
12325,2
12331,7
12345,7
12354,7
12365,2
12371,2
12382,2
12383,2
12392,7
12401,7
12416,2
12418,2
12425,7
12428,7
12432,7
12439,2
12441,7
12446,7
12447,2
12451,7
12452,2
12453,2
12465,2
12467,2
12469,2
12472,2
12481,2
12483,2
12486,2
12491,7
12498,7
12502,7
12518,2
12524,2
12543,2
12546,2
12547,7
12562,2
12567,2
12573,7
12579,2
12583,2
12589,7
12590,2
12597,2
12601,2
12603,2
12608,2
12609,7
12610,7
12628,2
12630,7
12631,2
12637,2
12640,7
12644,7
12651,7
12653,7
12656,2
12660,7
12664,7
12668,7
12674,7
12676,2
12691,7
12701,2
12702,7
12707,7
12709,7
12710,2
12713,7
12726,7
12728,2
12732,7
12733,2
12738,2
12741,2
12746,2
12751,2
12754,2
12755,2
12758,2
12769,2
12771,7
12777,2
12779,7
12781,7
12798,2
12804,2
12812,2
12815,7
12816,7
12821,7
12831,7
12832,2
12838,2
12847,7
12858,2
12860,2
12861,2
12863,2
12869,7
12879,7
12908,2
12911,7
12921,7
12922,7
12924,2
12934,2
12950,7
12953,2
12955,2
12960,2
12962,7
12965,2
12967,2
12971,7
12972,2
12973,2
12981,7
12985,7
12986,2
12987,2
12993,2
12995,7
12996,2
13000,2
13002,2
13005,7
13013,2
13014,7
13020,2
13025,7
13030,7
13033,7
13048,7
13051,2
13054,2
13063,2
13064,2
13068,7
13072,2
13076,2
13078,7
13089,2
13092,2
13098,7
13108,7
13115,2
13120,2
13122,2
13125,7
13129,7
13130,2
13147,7
13154,7
13157,2
13164,7
13165,2
13175,2
13180,2
13182,7
13187,2
13198,7
13199,2
13201,7
13203,2
13210,7
13213,7
13214,7
13220,7
13221,2
13222,7
13224,7
13225,7
13226,2
13228,7
13229,7
13245,2
13252,7
13258,2
13259,2
13260,2
13278,2
13288,7
13289,7
13293,2
13300,7
13301,2
13305,7
13308,2
13311,7
13313,7
13319,7
13325,2
13333,2
13338,7
13365,2
13377,7
13384,7
13389,7
13393,2
13395,7
13399,7
13400,2
13413,2
13421,2
13434,2
13444,2
13446,7
13459,7
13460,7
13461,2
13464,2
13466,7
13468,2
13472,7
13474,7
13475,2
13477,7
13479,2
13480,7
13481,7
13505,2
13516,7
13519,7
13520,7
13530,2
13544,7
13548,2
13549,2
13556,2
13559,7
13563,2
13566,7
13569,7
13571,2
13573,2
13576,7
13578,7
13590,7
13591,2
13594,7
13597,7
13598,7
13600,2
13606,2
13609,2
13612,7
13615,7
13617,7
13630,7
13639,2
13652,2
13654,2
13659,2
13661,2
13662,7
13665,2
13674,2
13677,7
13681,7
13687,7
13691,7
13696,2
13701,7
13703,2
13706,7
13709,7
13717,2
13718,7
13720,2
13724,7
13726,2
13728,7
13732,2
13736,7
13742,7
13744,7
13747,2
13751,7
13758,2
13759,7
13762,7
13766,7
13768,2
13772,7
13775,7
13776,2
13778,2
13782,2
13792,7
13800,7
13803,7
13805,7
13807,7
13809,7
13813,7
13814,7
13830,2
13831,2
13833,2
13834,2
13835,2
13836,2
13845,7
13847,2
13848,2
13855,2
13858,7
13868,2
13875,2
13876,7
13877,2
13884,2
13893,7
13896,2
13897,2
13903,2
13914,2
13920,2
13924,7
13931,7
13940,2
13943,2
13949,2
13951,7
13974,7
13975,7
13984,2
13985,7
13986,7
13987,2
13991,2
13994,7
13997,2
13998,7
14001,2
14005,2
14009,7
14010,7
14021,7
14022,7
14023,2
14028,7
14029,2
14031,2
14036,2
14041,7
14046,7
14047,2
14066,7
14073,2
14076,7
14077,2
14087,2
14101,7
14105,7
14107,2
14123,2
14134,2
14138,7
14158,7
14162,2
14168,2
14172,7
14174,7
14191,2
14192,7
14194,7
14195,7
14196,2
14201,7
14206,7
14216,7
14221,2
14224,2
14230,2
14237,2
14240,7
14242,7
14244,7
14259,7
14264,2
14269,7
14271,2
14275,2
14276,7
14279,2
14284,7
14289,2
14300,7
14301,7
14305,2
14313,7
14316,7
14318,7
14323,7
14325,2
14337,7
14339,2
14340,2
14347,7
14348,2
14350,7
14357,2
14358,2
14360,2
14364,2
14368,2
14371,7
14379,2
14382,2
14387,2
14389,7
14392,2
14404,7
14405,7
14408,2
14410,2
14411,2
14423,2
14426,2
14428,2
14433,2
14437,7
14439,2
14441,7
14445,2
14463,2
14464,2
14467,7
14482,7
14485,2
14488,7
14490,7
14496,2
14497,7
14500,7
14501,2
14507,2
14509,7
14510,7
14511,2
14512,2
14514,2
14519,7
14526,7
14530,2
14531,7
14536,2
14537,7
14541,2
14547,2
14551,7
14552,2
14553,7
14554,2
14562,2
14569,2
14571,7
14577,7
14589,7
14600,2
14607,7
14608,7
14610,2
14613,2
14620,2
14621,7
14624,2
14629,2
14633,7
14635,2
14637,7
14638,7
14639,7
14644,2
14650,2
14655,7
14657,7
14666,7
14670,7
14677,7
14680,2
14684,2
14686,7
14708,7
14710,2
14714,2
14715,2
14727,7
14728,2
14731,7
14732,2
14733,7
14734,7
14737,2
14739,7
14746,2
14747,2
14749,7
14763,7
14769,7
14776,7
14784,7
14787,7
14789,2
14793,2
14808,2
14811,7
14813,2
14825,7
14827,7
14830,7
14840,2
14847,7
14849,7
14862,7
14864,7
14866,2
14869,7
14876,7
14882,2
14888,7
14896,2
14904,7
14911,7
14916,7
14925,2
14927,7
14936,2
14945,2
14946,2
14955,7
14959,2
14978,7
14981,7
14982,7
14986,2
14988,7
14990,7
14994,2
14997,2
15000,2
15012,7
15015,2
15018,7
15035,2
15036,7
15038,2
15041,7
15042,2
15044,7
15053,7
15055,7
15071,7
15074,2
15078,7
15084,2
15086,7
15091,7
15093,2
15100,7
15104,2
15114,7
15115,2
15117,2
15118,2
15120,7
15132,7
15143,2
15149,7
15158,7
15170,2
15171,7
15176,2
15177,2
15186,7
15190,7
15192,2
15195,2
15197,2
15221,7
15225,7
15233,2
15234,7
15235,7
15236,7
15240,7
15242,7
15244,7
15249,7
15251,7
15254,7
15259,2
15265,2
15269,2
15271,2
15285,2
15289,7
15295,2
15301,2
15310,2
15312,7
15314,7
15318,7
15326,7
15333,2
15336,7
15337,2
15343,7
15352,2
15353,2
15356,7
15357,7
15365,7
15366,7
15368,7
15370,2
15378,7
15381,2
15386,7
15387,7
15388,2
15392,7
15399,2
15400,7
15402,2
15408,2
15412,7
15420,7
15424,7
15430,7
15437,7
15444,2
15451,2
15459,2
15464,2
15465,2
15466,2
15474,2
15479,2
15484,2
15485,2
15492,7
15493,7
15494,7
15497,2
15507,7
15510,7
15518,7
15522,7
15528,2
15533,7
15536,7
15540,2
15541,7
15542,7
15544,7
15548,7
15550,2
15553,7
15556,2
15559,7
15561,7
15574,7
15575,7
15577,2
15580,7
15582,7
15591,7
15593,7
15603,2
15609,2
15612,7
15616,2
15617,7
15621,2
15623,2
15633,2
15642,2
15650,2
15657,7
15660,2
15663,2
15669,7
15671,2
15681,7
15699,7
15700,7
15705,2
15709,7
15718,2
15721,2
15722,2
15723,2
15724,2
15725,2
15739,7
15744,2
15746,7
15757,2
15782,7
15786,7
15789,7
15795,2
15809,2
15815,2
15823,7
15827,7
15836,7
15839,7
15844,7
15846,7
15854,7
15856,2
15857,2
15858,7
15864,2
15880,2
15883,2
15887,2
15901,2
15910,7
15914,7
15920,7
15924,2
15925,2
15931,7
15937,7
15942,7
15944,2
15945,7
15947,7
15948,2
15949,2
15950,2
15951,7
15958,7
15963,2
15979,7
15980,2
15985,2
15986,7
15990,2
15997,7
16000,2
16001,2
16009,7
16013,7
16018,2
16027,2
16029,2
16032,7
16043,7
16044,2
16045,7
16053,2
16064,7
16069,7
16071,7
16075,2
16081,2
16086,2
16088,2
16089,2
16092,2
16096,2
16097,2
16099,7
16105,7
16106,2
16124,7
16131,2
16136,7
16149,2
16155,7
16158,7
16162,7
16167,7
16169,7
16178,7
16179,2
16183,7
16184,2
16190,2
16191,7
16198,2
16202,7
16207,2
16214,7
16218,2
16219,2
16222,7
16229,2
16232,2
16233,7
16236,7
16239,7
16241,2
16243,7
16248,7
16264,2
16270,7
16274,7
16292,2
16300,7
16310,2
16313,7
16323,2
16325,7
16331,7
16340,7
16341,2
16349,2
16370,2
16372,2
16374,2
16376,2
16378,2
16379,7
16388,2
16394,7
16396,2
16399,7
16410,2
16412,7
16421,2
16429,7
16434,2
16436,2
16439,7
16445,2
16447,7
16448,2
16449,2
16454,7
16456,7
16461,2
16467,2
16474,2
16475,7
16479,7
16485,7
16487,7
16493,7
16503,2
16509,7
16515,7
16516,2
16517,2
16531,2
16532,7
16536,2
16539,7
16546,2
16547,7
16549,7
16553,7
16555,7
16559,2
16563,2
16564,2
16569,7
16571,7
16573,7
16574,7
16591,2
16594,7
16596,7
16597,7
16600,7
16604,7
16606,7
16622,7
16632,7
16644,2
16648,2
16649,7
16651,2
16654,7
16663,2
16668,2
16669,2
16671,2
16675,2
16686,2
16688,2
16690,2
16694,7
16695,7
16699,2
16701,7
16704,7
16709,7
16723,2
16726,2
16731,2
16743,7
16745,7
16751,2
16759,2
16762,7
16768,2
16772,7
16788,2
16795,2
16802,7
16814,7
16818,7
16825,7
16846,7
16848,7
16854,2
16858,7
16862,2
16865,2
16876,7
16884,2
16888,2
16889,7
16901,7
16914,7
16924,2
16925,7
16931,7
16934,7
16941,2
16943,7
16944,7
16957,2
16964,2
16965,2
16966,2
16982,7
16985,7
16986,2
16991,2
16995,7
17000,7
17005,2
17006,7
17007,2
17008,7
17009,7
17010,2
17017,7
17019,2
17022,2
17026,7
17030,2
17031,2
17034,7
17036,7
17041,7
17046,2
17051,2
17056,7
17059,2
17060,2
17061,2
17066,7
17070,2
17074,7
17086,7
17094,2
17096,7
17098,7
17099,7
17100,7
17105,2
17109,2
17110,7
17111,7
17116,2
17126,2
17127,2
17129,7
17133,2
17137,2
17138,7
17144,2
17150,7
17163,2
17169,7
17174,2
17176,2
17178,2
17180,7
17182,7
17184,7
17201,7
17202,7
17204,2
17209,2
17222,7
17223,2
17229,7
17230,2
17238,2
17242,2
17251,2
17253,2
17255,7
17257,7
17262,7
17269,7
17273,2
17274,2
17282,2
17283,7
17290,2
17291,2
17314,2
17320,2
17328,7
17335,2
17337,7
17338,7
17339,2
17341,7
17344,7
17357,2
17358,2
17359,7
17365,2
17379,2
17384,2
17386,7
17389,7
17390,7
17391,2
17409,7
17411,2
17422,2
17430,7
17447,7
17451,7
17457,7
17459,7
17462,2
17464,7
17468,7
17469,7
17477,7
17478,7
17479,2
17481,7
17483,7
17501,7
17502,2
17507,2
17509,2
17510,7
17512,7
17524,2
17526,7
17527,2
17543,7
17549,2
17552,7
17566,2
17572,2
17584,7
17585,7
17588,2
17590,7
17596,7
17597,2
17604,2
17609,7
17617,2
17620,7
17622,2
17626,2
17627,2
17628,7
17629,7
17634,7
17644,2
17648,2
17650,7
17654,7
17659,2
17661,7
17664,2
17665,7
17668,7
17672,7
17675,7
17683,2
17684,7
17689,7
17694,7
17698,7
17706,7
17712,7
17715,2
17718,7
17725,7
17735,2
17739,7
17743,7
17749,2
17751,7
17753,2
17759,2
17761,2
17773,2
17777,2
17781,2
17784,2
17789,7
17791,7
17797,2
17816,7
17823,2
17824,7
17826,7
17830,7
17831,2
17832,2
17836,2
17840,2
17849,2
17850,7
17853,2
17854,7
17858,7
17863,2
17864,2
17877,7
17881,2
17887,2
17889,2
17894,2
17897,7
17907,7
17916,7
17922,7
17923,7
17927,2
17934,2
17937,7
17939,7
17950,2
17957,7
17972,2
17973,2
17979,2
17980,7
17984,2
17993,2
18006,2
18008,2
18011,2
18015,7
18017,2
18027,2
18028,2
18029,7
18033,7
18038,7
18041,7
18045,7
18049,2
18058,2
18060,2
18067,7
18070,7
18074,2
18075,7
18080,7
18081,7
18084,2
18088,2
18097,2
18099,2
18111,2
18112,7
18113,7
18114,7
18120,2
18133,2
18135,2
18136,7
18146,2
18148,2
18149,2
18150,7
18151,2
18153,2
18155,7
18156,7
18165,7
18172,2
18181,2
18191,7
18195,7
18201,2
18220,2
18221,2
18228,2
18230,2
18235,2
18237,7
18245,2
18253,7
18257,2
18276,2
18278,7
18279,2
18281,2
18282,2
18283,7
18288,2
18291,2
18297,2
18299,7
18301,2
18302,7
18308,7
18310,2
18312,7
18314,7
18320,2
18325,7
18330,7
18331,2
18332,2
18333,7
18344,2
18346,7
18352,7
18354,2
18357,2
18362,7
18364,7
18368,2
18371,7
18372,7
18376,7
18379,7
18392,2
18402,7
18407,2
18415,7
18423,2
18431,7
18442,2
18460,7
18462,7
18482,7
18485,7
18488,7
18490,2
18491,2
18500,2
18501,7
18505,2
18513,2
18521,2
18525,7
18532,2
18534,7
18539,2
18548,7
18549,7
18557,7
18560,2
18563,7
18566,7
18575,7
18578,2
18580,7
18586,7
18587,2
18594,7
18615,7
18622,7
18627,7
18639,2
18646,2
18662,2
18669,2
18670,7
18671,2
18673,2
18675,2
18680,2
18681,7
18688,7
18689,7
18698,7
18701,2
18702,7
18703,7
18706,7
18707,7
18709,2
18710,2
18713,7
18714,2
18715,7
18721,7
18726,2
18729,7
18735,2
18736,2
18744,7
18747,2
18751,7
18752,7
18756,2
18759,7
18760,2
18762,7
18763,2
18766,7
18770,2
18771,7
18772,2
18774,2
18781,7
18785,7
18810,7
18816,7
18819,7
18824,7
18826,7
18828,2
18835,7
18845,2
18873,7
18881,7
18882,7
18889,2
18895,7
18901,7
18910,2
18928,2
18932,2
18934,7
18935,7
18936,2
18939,2
18943,2
18949,7
18965,7
18967,2
18969,2
18971,2
18982,7
18992,7
19001,2
19007,7
19013,7
19027,2
19032,2
19038,7
19044,2
19049,2
19053,2
19054,7
19057,7
19058,7
19071,2
19075,2
19076,7
19082,2
19084,7
19091,7
19119,7
19122,7
19126,7
19127,7
19130,2
19136,7
19139,2
19143,7
19144,7
19150,7
19152,2
19155,7
19157,7
19159,7
19165,2
19168,7
19170,2
19172,7
19175,2
19176,7
19178,7
19179,2
19183,7
19184,7
19187,2
19191,7
19192,2
19193,7
19195,2
19202,7
19211,2
19214,2
19216,7
19222,7
19236,2
19242,7
19243,2
19244,7
19246,2
19249,2
19250,7
19252,7
19257,2
19263,2
19265,7
19269,7
19270,7
19272,7
19277,7
19283,2
19291,2
19307,2
19311,2
19321,7
19326,2
19340,2
19346,7
19347,2
19348,2
19349,2
19355,2
19357,7
19362,2
19365,7
19370,7
19372,2
19390,7
19397,2
19405,7
19406,2
19408,7
19411,7
19415,2
19416,7
19417,7
19423,2
19429,2
19433,7
19434,7
19435,2
19441,7
19443,7
19454,2
19457,2
19458,7
19461,2
19481,7
19486,7
19487,7
19489,2
19493,2
19498,2
19500,2
19503,2
19507,2
19513,2
19514,7
19518,7
19521,7
19524,7
19525,7
19526,2
19531,7
19538,7
19544,7
19545,7
19553,2
19556,2
19560,2
19561,2
19563,2
19564,2
19569,7
19571,2
19572,7
19583,2
19591,2
19595,7
19612,7
19636,7
19638,2
19644,7
19645,7
19647,2
19652,7
19655,7
19659,7
19664,2
19671,7
19676,2
19689,2
19699,2
19702,7
19703,7
19711,2
19712,7
19713,7
19722,7
19726,7
19728,2
19729,7
19730,7
19731,2
19734,7
19738,7
19743,7
19746,2
19749,7
19750,2
19755,7
19762,7
19766,7
19770,7
19771,7
19779,7
19781,7
19782,7
19819,2
19827,2
19838,7
19839,7
19842,7
19849,7
19850,2
19854,7
19855,7
19861,2
19866,2
19868,2
19872,7
19873,2
19893,7
19900,2
19904,2
19906,2
19918,7
19922,7
19924,7
19927,2
19938,7
19947,2
19955,7
19956,7
19958,7
19959,7
19961,2
19964,7
19970,7
19971,2
19983,2
19985,7
19987,2
19991,7
20000,2
20003,2
20005,2
20015,2
20027,7
20030,2
20031,2
20034,7
20057,7
20058,7
20059,2
20071,7
20081,7
20082,7
20094,7
20096,7
20100,7
20103,2
20105,2
20111,7
20113,7
20115,7
20120,2
20124,2
20125,2
20127,7
20129,2
20134,7
20141,7
20157,2
20159,7
20171,7
20172,7
20178,7
20193,7
20196,2
20200,7
20210,7
20213,7
20215,7
20220,2
20222,7
20225,7
20228,2
20232,2
20237,7
20249,2
20250,7
20252,7
20258,2
20265,2
20268,2
20273,7
20284,7
20286,7
20291,7
20296,7
20299,2
20300,7
20308,2
20320,7
20322,7
20327,7
20330,7
20331,2
20332,7
20335,7
20338,7
20339,2
20345,2
20349,2
20351,2
20356,7
20357,2
20358,2
20362,7
20372,2
20373,2
20374,2
20380,7
20387,2
20392,2
20395,2
20398,7
20399,2
20406,7
20409,2
20410,2
20414,7
20417,7
20420,7
20427,2
20429,7
20434,2
20436,7
20446,7
20448,7
20452,7
20464,2
20465,2
20467,7
20474,7
20480,7
20503,2
20505,7
20507,7
20512,2
20513,2
20520,7
20521,2
20530,7
20532,7
20535,7
20545,2
20546,2
20557,7
20558,2
20560,2
20561,7
20563,2
20565,2
20570,7
20571,7
20576,7
20587,7
20604,7
20608,7
20612,7
20630,2
20638,7
20639,2
20644,2
20667,2
20680,2
20683,7
20686,2
20689,7
20704,7
20705,2
20706,7
20725,2
20734,7
20736,2
20743,7
20746,7
20747,2
20749,2
20753,2
20758,2
20768,2
20771,7
20773,2
20777,2
20778,2
20779,7
20787,2
20813,2
20814,7
20822,2
20827,2
20830,7
20831,2
20834,7
20838,2
20840,7
20841,7
20848,2
20852,7
20860,2
20863,7
20865,2
20867,2
20873,2
20876,7
20881,7
20885,2
20888,2
20896,2
20897,7
20904,2
20907,2
20916,7
20917,2
20923,7
20925,7
20926,7
20927,7
20931,7
20934,7
20935,2
20936,7
20940,7
20943,2
20952,7
20954,2
20962,7
20964,7
20972,2
20982,7
20983,2
20986,7
20994,7
21001,2
21002,2
21006,7
21008,7
21023,2
21031,7
21039,2
21041,2
21045,7
21052,2
21058,2
21063,7
21082,2
21084,7
21085,7
21087,7
21095,7
21097,7
21101,7
21103,2
21107,7
21109,2
21111,7
21115,2
21116,7
21118,7
21121,7
21122,2
21124,7
21125,7
21131,2
21143,2
21153,7
21154,7
21156,7
21161,2
21163,2
21164,2
21176,7
21178,2
21179,7
21195,7
21209,7
21212,7
21213,7
21218,7
21224,7
21225,7
21226,2
21227,7
21229,7
21231,7
21240,7
21242,2
21243,7
21245,2
21253,7
21256,2
21259,7
21261,7
21262,7
21263,7
21271,2
21279,7
21282,7
21293,2
21295,7
21299,7
21300,7
21301,7
21316,7
21324,7
21326,2
21336,7
21338,7
21339,2
21342,2
21344,7
21354,7
21358,7
21363,2
21365,7
21369,7
21372,2
21381,7
21394,2
21395,7
21411,2
21414,7
21415,7
21416,7
21421,2
21429,7
21436,7
21439,7
21441,2
21444,7
21450,7
21452,2
21458,2
21466,7
21467,2
21468,2
21480,2
21481,7
21486,2
21488,7
21492,7
21497,7
21501,2
21520,7
21525,7
21534,2
21549,7
21551,7
21552,2
21561,7
21564,2
21571,2
21587,2
21588,2
21600,7
21606,7
21607,2
21615,2
21626,7
21627,7
21631,2
21637,7
21640,7
21647,7
21649,2
21654,7
21659,7
21665,2
21667,2
21674,7
21685,7
21686,2
21693,7
21694,7
21697,7
21707,2
21711,2
21713,2
21722,7
21729,2
21733,2
21734,7
21744,2
21745,7
21757,7
21763,7
21772,2
21774,2
21776,7
21783,7
21787,7
21789,2
21793,7
21802,7
21806,2
21811,7
21814,2
21818,2
21820,2
21823,7
21830,2
21831,7
21838,2
21839,7
21840,7
21847,2
21850,7
21867,2
21868,2
21879,7
21883,7
21887,2
21889,2
21896,7
21912,2
21917,2
21925,2
21938,2
21943,7
21949,7
21952,7
21956,2
21958,2
21960,7
21968,2
21970,2
21974,2
21975,2
21987,2
21988,2
21994,7
21999,2
22000,7
22011,7
22026,7
22034,7
22035,2
22037,7
22045,7
22056,2
22059,7
22061,2
22073,2
22082,7
22089,7
22092,7
22093,2
22100,7
22102,2
22119,2
22120,7
22122,2
22124,7
22126,2
22131,2
22134,7
22138,7
22140,7
22141,2
22147,7
22157,2
22162,2
22167,2
22168,2
22169,7
22172,2
22173,7
22180,2
22181,2
22189,2
22190,7
22191,2
22202,7
22210,7
22220,7
22221,7
22224,7
22226,2
22230,7
22237,7
22242,2
22246,2
22249,2
22252,7
22254,7
22255,7
22257,2
22260,2
22261,2
22263,7
22264,7
22265,7
22270,2
22284,7
22291,2
22294,7
22300,2
22316,7
22319,2
22321,2
22322,7
22323,7
22324,7
22327,2
22336,7
22340,2
22342,7
22354,7
22356,7
22358,2
22361,2
22367,2
22368,2
22374,2
22384,7
22388,2
22394,2
22396,7
22397,7
22398,2
22403,7
22405,7
22406,2
22407,2
22413,2
22417,7
22419,2
22420,2
22423,7
22426,2
22430,2
22436,7
22437,2
22440,2
22450,7
22454,7
22455,2
22466,2
22468,7
22473,7
22476,7
22484,7
22486,7
22487,7
22491,2
22496,2
22511,2
22514,2
22519,2
22523,7
22537,2
22539,2
22540,7
22547,7
22554,2
22556,2
22558,2
22559,2
22576,2
22579,7
22582,7
22586,2
22590,2
22592,7
22593,7
22595,7
22602,7
22604,7
22605,2
22606,2
22608,7
22609,7
22612,7
22616,7
22617,2
22620,7
22624,2
22628,2
22631,7
22634,7
22636,7
22640,2
22647,7
22651,2
22658,7
22682,2
22683,2
22684,2
22687,7
22694,2
22698,7
22699,7
22711,7
22712,2
22726,7
22729,7
22730,2
22732,7
22738,7
22739,2
22740,2
22752,2
22757,2
22760,2
22761,2
22769,2
22771,7
22772,2
22774,7
22776,2
22778,7
22781,2
22783,2
22784,2
22797,2
22801,7
22807,2
22813,7
22815,7
22826,7
22829,2
22833,7
22835,2
22836,2
22844,2
22847,7
22860,2
22864,2
22866,7
22867,7
22873,2
22887,7
22890,2
22891,2
22893,2
22896,7
22897,7
22899,7
22910,2
22914,7
22926,2
22930,7
22932,2
22933,7
22935,7
22936,7
22950,2
22951,2
22956,7
22969,2
22976,2
22980,2
22981,2
22984,7
22988,7
22990,2
22991,7
22994,7
22995,7
22996,7
22998,7
23004,7
23006,7
23007,2
23009,2
23011,2
23012,7
23013,7
23015,7
23020,7
23021,2
23030,2
23037,2
23040,2
23046,7
23048,2
23051,7
23065,7
23072,7
23073,7
23076,2
23082,7
23085,7
23088,7
23090,2
23092,2
23095,7
23096,2
23097,7
23103,7
23108,7
23114,7
23117,7
23120,2
23121,7
23123,2
23127,7
23131,7
23134,2
23135,2
23145,2
23148,7
23150,2
23154,7
23156,7
23163,7
23164,2
23165,7
23175,7
23177,7
23180,2
23183,2
23184,7
23185,2
23190,7
23192,7
23194,2
23197,7
23200,7
23202,2
23204,7
23207,7
23215,2
23226,7
23231,2
23238,7
23240,2
23241,7
23243,2
23252,7
23255,7
23262,2
23267,2
23271,7
23272,7
23273,7
23278,2
23284,7
23285,7
23287,7
23301,7
23319,7
23320,7
23321,7
23324,2
23325,7
23331,7
23338,7
23339,2
23351,2
23353,2
23355,2
23362,7
23364,2
23365,7
23367,7
23370,2
23373,2
23380,2
23389,2
23395,7
23400,7
23401,7
23417,2
23420,7
23422,7
23424,7
23425,2
23428,2
23433,7
23434,7
23435,7
23440,7
23442,7
23450,2
23452,2
23458,2
23467,2
23476,2
23480,7
23481,7
23486,2
23490,7
23495,2
23499,7
23506,2
23511,7
23518,7
23520,7
23524,2
23535,2
23542,2
23551,2
23554,7
23563,7
23564,2
23567,2
23570,7
23574,7
23581,2
23584,7
23596,2
23606,7
23608,2
23609,2
23613,2
23620,7
23623,2
23624,2
23626,2
23627,7
23638,7
23640,2
23643,7
23653,2
23654,2
23658,2
23660,7
23661,2
23666,7
23667,2
23668,2
23670,7
23673,7
23681,7
23682,7
23683,2
23684,2
23703,7
23704,2
23705,2
23708,7
23722,2
23736,7
23741,7
23743,7
23747,7
23749,2
23752,2
23757,2
23758,7
23764,2
23772,2
23776,2
23779,7
23780,2
23782,7
23784,7
23785,7
23786,7
23788,7
23805,7
23813,2
23817,2
23823,2
23838,7
23846,7
23851,2
23858,7
23861,2
23868,2
23869,7
23881,7
23891,7
23912,2
23922,7
23928,2
23931,2
23934,2
23942,7
23946,7
23947,2
23949,2
23951,2
23953,2
23954,7
23960,2
23963,2
23966,7
23969,7
23977,7
23978,2
23980,2
23986,2
23991,7
23994,2
23997,7
23999,7
24002,7
24004,2
24008,2
24012,2
24015,7
24021,2
24023,7
24029,2
24038,7
24044,2
24052,7
24054,2
24057,2
24058,2
24068,2
24071,7
24080,2
24083,7
24087,2
24090,7
24113,2
24115,2
24124,2
24129,7
24130,7
24133,7
24137,7
24138,2
24140,2
24141,7
24144,2
24146,2
24178,2
24190,7
24191,2
24197,7
24200,2
24206,7
24213,2
24215,7
24217,2
24220,7
24223,7
24231,7
24238,7
24239,7
24243,7
24245,7
24247,2
24257,7
24270,2
24280,2
24284,2
24287,7
24289,7
24293,7
24304,7
24309,2
24327,7
24335,2
24340,2
24343,7
24344,2
24347,7
24348,7
24350,2
24351,7
24353,7
24357,2
24363,7
24371,7
24372,2
24378,2
24390,7
24391,7
24393,2
24423,2
24432,7
24438,2
24445,7
24447,7
24451,2
24455,7
24461,2
24464,2
24467,7
24470,2
24474,2
24480,2
24495,7
24507,7
24509,2
24514,2
24518,2
24520,7
24528,2
24529,7
24530,2
24534,2
24538,7
24541,7
24547,7
24552,2
24557,2
24562,7
24566,7
24569,7
24572,7
24575,7
24577,2
24581,7
24590,2
24597,7
24602,7
24603,2
24613,2
24617,7
24619,7
24627,7
24628,7
24631,2
24637,7
24642,7
24645,7
24652,2
24656,7
24663,2
24677,7
24683,7
24687,7
24699,7
24704,7
24734,7
24738,7
24739,2
24741,7
24745,2
24748,7
24761,2
24764,7
24768,2
24772,7
24773,7
24777,2
24778,2
24780,7
24791,2
24794,2
24795,2
24797,2
24803,7
24816,2
24820,7
24824,2
24845,7
24849,7
24859,2
24864,7
24865,2
24866,2
24869,2
24877,7
24885,2
24893,2
24898,7
24899,7
24903,2
24905,2
24908,7
24917,2
24923,7
24928,7
24929,2
24932,7
24937,7
24946,7
24949,7
24954,7
24955,2
24957,7
24958,7
24970,2
24979,7
24992,7
24993,2
24999,2
25004,2
25012,2
25016,2
25017,2
25025,7
25027,2
25033,7
25034,2
25035,2
25038,2
25040,7
25041,7
25044,2
25048,2
25051,7
25064,2
25078,7
25080,2
25081,2
25084,2
25086,2
25097,2
25098,2
25104,7
25117,2
25121,7
25122,2
25126,2
25127,2
25130,2
25131,2
25143,2
25149,2
25150,2
25151,2
25159,7
25161,7
25164,2
25167,7
25176,2
25183,2
25186,7
25193,2
25194,2
25202,7
25205,2
25206,7
25207,2
25215,2
25223,2
25224,7
25228,2
25232,7
25240,2
25249,2
25253,7
25264,2
25265,2
25266,2
25268,2
25271,2
25272,2
25274,2
25283,7
25290,2
25302,7
25308,2
25309,2
25313,2
25315,7
25335,7
25336,7
25340,7
25348,2
25352,7
25359,2
25362,2
25366,7
25368,2
25376,7
25377,7
25378,7
25389,2
25395,2
25398,2
25406,2
25408,7
25426,7
25428,2
25432,2
25438,7
25447,2
25456,7
25459,2
25461,7
25466,7
25469,7
25470,7
25492,7
25494,7
25499,2
25501,7
25505,2
25507,2
25524,2
25527,7
25533,2
25535,2
25539,7
25542,7
25546,2
25547,7
25561,7
25563,2
25564,7
25571,7
25579,2
25581,7
25583,2
25584,7
25586,2
25597,2
25599,2
25605,2
25607,7
25609,2
25610,7
25613,7
25614,7
25616,7
25622,7
25632,7
25639,2
25640,7
25642,7
25643,7
25644,2
25646,7
25648,2
25658,7
25659,7
25675,2
25679,2
25694,7
25695,2
25713,2
25714,7
25722,7
25723,2
25725,2
25727,7
25730,2
25739,7
25742,7
25757,2
25761,7
25764,2
25766,2
25773,7
25774,2
25776,7
25789,2
25793,7
25797,7
25798,2
25800,2
25804,2
25805,7
25809,2
25812,2
25817,7
25819,7
25824,2
25826,7
25833,2
25838,2
25839,2
25843,7
25852,2
25853,7
25854,2
25857,7
25858,7
25862,7
25870,7
25874,7
25876,2
25881,7
25886,7
25887,2
25888,2
25894,7
25899,2
25906,2
25913,7
25915,7
25918,7
25924,7
25925,2
25929,7
25936,7
25937,2
25938,7
25940,7
25951,7
25952,2
25953,2
25956,7
25957,2
25963,7
25968,7
25971,2
25977,7
25984,7
25992,2
25994,7
26000,7
26001,2
26004,2
26010,7
26017,7
26018,7
26019,7
26036,7
26040,7
26043,2
26051,2
26056,7
26057,2
26065,2
26071,2
26073,2
26077,2
26082,2
26084,7
26087,7
26089,7
26090,2
26094,2
26100,2
26105,2
26120,2
26121,2
26128,2
26129,2
26138,2
26140,2
26152,7
26160,2
26161,2
26162,7
26167,2
26171,2
26175,7
26186,7
26191,2
26206,2
26211,2
26217,7
26220,2
26221,2
26225,2
26229,7
26232,7
26237,7
26240,2
26257,2
26259,7
26260,7
26263,7
26264,7
26278,2
26281,2
26282,7
26283,7
26293,7
26294,2
26308,2
26317,2
26325,2
26326,7
26337,2
26338,2
26350,2
26351,2
26355,7
26358,2
26360,2
26369,7
26376,2
26389,7
26394,7
26396,7
26399,2
26402,2
26409,7
26419,2
26425,2
26431,2
26436,7
26447,7
26457,7
26464,2
26465,7
26467,2
26472,7
26473,2
26475,2
26483,7
26484,2
26492,7
26494,7
26496,2
26497,7
26498,2
26508,7
26520,2
26523,2
26527,2
26531,7
26544,7
26547,7
26548,7
26549,7
26560,7
26561,2
26569,7
26570,7
26572,2
26587,2
26589,7
26603,7
26604,2
26608,2
26615,7
26617,7
26626,2
26638,2
26647,7
26648,7
26662,2
26663,7
26665,2
26668,7
26686,2
26691,7
26708,7
26710,7
26715,2
26717,7
26718,7
26719,2
26721,2
26724,7
26731,2
26743,7
26747,7
26750,2
26754,7
26755,2
26756,2
26762,2
26771,2
26774,2
26789,2
26791,7
26794,7
26800,2
26802,7
26803,7
26808,7
26813,7
26816,2
26826,2
26827,7
26832,2
26835,7
26840,2
26842,7
26857,7
26858,2
26863,7
26872,2
26873,7
26890,7
26899,7
26900,7
26902,2
26907,7
26908,2
26912,2
26917,2
26926,7
26931,2
26933,7
26939,7
26940,7
26941,2
26943,2
26945,2
26967,2
26968,7
26969,7
26972,2
26975,2
26978,7
26980,2
26988,7
26996,2
27005,2
27008,7
27009,7
27016,7
27017,7
27027,2
27032,2
27035,7
27041,2
27053,7
27054,2
27055,7
27056,2
27059,2
27063,2
27064,7
27067,2
27072,2
27073,2
27076,2
27077,7
27083,7
27087,2
27090,2
27095,7
27097,2
27105,2
27110,7
27123,7
27131,2
27135,2
27140,7
27149,2
27152,2
27156,7
27161,2
27169,7
27171,2
27179,7
27185,7
27190,2
27198,7
27207,2
27212,2
27213,2
27219,7
27220,2
27223,7
27231,7
27242,7
27245,7
27246,2
27248,7
27249,2
27251,7
27267,2
27268,7
27274,2
27279,2
27282,7
27287,7
27290,7
27299,7
27300,2
27303,7
27305,2
27307,2
27309,2
27312,2
27314,7
27316,7
27318,7
27322,7
27323,2
27333,2
27334,2
27335,7
27385,2
27397,2
27399,2
27400,7
27404,7
27405,7
27407,2
27415,2
27417,2
27423,7
27432,2
27438,7
27442,2
27445,7
27448,7
27450,7
27453,7
27455,7
27457,7
27473,7
27475,7
27476,2
27477,2
27487,2
27496,2
27504,2
27512,2
27521,7
27523,2
27544,7
27545,2
27552,7
27562,2
27567,2
27569,7
27575,2
27578,7
27581,2
27583,2
27596,7
27603,2
27610,7
27614,2
27627,7
27631,2
27636,2
27637,7
27639,2
27641,7
27650,2
27654,2
27655,7
27666,7
27669,7
27687,7
27689,2
27692,7
27695,2
27704,7
27713,7
27716,7
27722,2
27723,7
27730,7
27736,2
27742,2
27746,2
27748,7
27752,7
27760,7
27775,7
27776,7
27784,7
27809,2
27812,2
27816,7
27828,7
27833,2
27835,7
27837,2
27841,7
27849,7
27856,7
27862,2
27863,2
27873,7
27876,2
27880,7
27884,2
27885,2
27886,7
27887,7
27888,2
27891,7
27894,7
27895,7
27899,7
27901,7
27911,7
27913,2
27915,7
27923,7
27924,7
27934,7
27937,2
27947,2
27950,2
27955,7
27961,2
27964,7
27980,7
27982,7
27983,2
27987,2
27991,7
27993,2
28001,7
28002,7
28013,7
28016,2
28017,7
28021,2
28031,2
28035,7
28038,2
28048,2
28050,7
28054,7
28061,2
28062,2
28064,2
28071,2
28082,7
28089,2
28092,7
28094,2
28095,7
28100,2
28105,7
28107,7
28116,7
28117,2
28123,2
28129,7
28140,2
28142,7
28148,2
28167,7
28171,7
28172,7
28173,2
28175,2
28184,2
28187,7
28196,7
28200,7
28210,7
28214,7
28215,7
28226,2
28236,2
28245,7
28248,7
28251,7
28253,2
28255,2
28263,2
28266,2
28269,2
28278,7
28282,2
28318,7
28321,2
28324,7
28332,7
28333,2
28334,2
28350,7
28354,7
28358,7
28370,2
28373,2
28374,2
28385,2
28386,2
28391,7
28392,7
28400,2
28405,7
28409,7
28410,2
28418,7
28421,7
28424,2
28437,7
28438,2
28445,7
28446,2
28448,7
28457,2
28472,2
28478,7
28479,2
28482,7
28496,2
28503,7
28505,7
28507,7
28511,2
28512,2
28517,7
28519,2
28520,2
28521,7
28549,2
28565,7
28576,2
28581,2
28594,7
28596,7
28602,7
28606,7
28614,7
28615,7
28617,2
28619,2
28621,2
28622,2
28624,7
28628,2
28632,7
28635,2
28639,2
28640,7
28650,7
28657,2
28658,7
28673,7
28678,2
28683,2
28684,2
28686,7
28689,7
28695,7
28696,7
28705,7
28710,7
28713,7
28716,2
28717,7
28720,2
28721,2
28722,2
28723,7
28724,7
28734,2
28735,2
28738,7
28741,7
28744,2
28754,7
28756,2
28765,7
28767,7
28769,2
28780,2
28781,7
28782,7
28787,2
28790,2
28791,7
28792,2
28797,7
28808,2
28819,2
28828,2
28829,7
28831,2
28833,2
28834,2
28840,7
28844,2
28854,2
28864,2
28865,7
28868,7
28869,2
28872,2
28873,7
28876,7
28892,7
28900,7
28902,7
28904,7
28908,2
28914,2
28921,2
28925,7
28926,7
28932,2
28939,2
28950,7
28955,7
28963,7
28970,7
28976,2
28985,2
29003,2
29027,2
29028,7
29029,7
29043,7
29059,2
29061,2
29068,2
29070,7
29071,7
29076,7
29081,7
29088,7
29090,2
29092,2
29094,7
29096,2
29097,7
29098,7
29104,2
29106,7
29108,2
29119,7
29121,7
29128,7
29129,7
29140,2
29149,2
29154,2
29165,2
29167,7
29171,2
29174,7
29187,7
29191,7
29192,7
29193,7
29194,7
29197,7
29207,7
29209,7
29215,2
29216,7
29218,7
29219,7
29220,7
29222,7
29225,7
29227,7
29235,2
29236,7
29245,7
29246,7
29253,2
29255,7
29256,2
29257,2
29258,2
29260,7
29263,2
29265,7
29267,2
29274,7
29278,2
29291,7
29292,2
29293,7
29324,7
29328,7
29335,2
29343,7
29348,2
29350,2
29353,7
29365,2
29393,2
29400,7
29404,2
29407,2
29416,2
29436,7
29437,2
29446,2
29450,7
29453,7
29455,7
29463,2
29471,2
29474,2
29483,7
29502,2
29505,2
29506,7
29507,7
29510,7
29511,2
29512,2
29515,2
29517,2
29518,7
29538,2
29540,2
29542,2
29543,2
29546,2
29548,7
29554,2
29558,2
29563,7
29566,2
29568,2
29569,7
29585,7
29591,2
29593,2
29600,7
29601,2
29605,2
29608,7
29613,2
29615,7
29618,7
29624,7
29627,7
29632,2
29633,2
29641,7
29643,2
29653,7
29655,2
29658,7
29660,7
29668,2
29677,2
29685,7
29687,7
29689,7
29690,7
29691,2
29692,2
29701,2
29703,7
29711,7
29716,2
29728,7
29739,7
29744,7
29757,2
29760,2
29762,7
29764,2
29767,2
29770,7
29778,2
29793,2
29802,7
29805,2
29807,7
29811,7
29817,2
29822,7
29827,2
29829,2
29830,2
29839,7
29847,7
29853,2
29858,7
29860,7
29867,7
29873,2
29874,7
29879,2
29880,7
29881,7
29884,2
29887,2
29892,2
29909,7
29914,7
29915,7
29916,7
29919,7
29920,2
29923,2
29925,2
29937,2
29944,7
29954,2
29961,2
29967,2
29995,2
30004,2
30007,2
30012,7
30014,2
30015,7
30020,2
30022,7
30028,2
30036,7
30037,7
30043,7
30045,7
30047,7
30054,7
30060,7
30063,2
30071,7
30072,7
30074,7
30075,2
30081,2
30082,7
30088,7
30097,7
30099,2
30101,7
30103,2
30105,2
30113,7
30114,2
30115,2
30120,7
30125,2
30126,2
30127,2
30137,7
30138,7
30146,7
30148,2
30152,7
30153,7
30159,2
30160,2
30161,2
30162,7
30171,2
30175,2
30177,7
30178,2
30191,2
30200,2
30202,7
30208,7
30214,7
30220,2
30225,7
30226,2
30235,7
30241,2
30242,2
30243,7
30255,7
30268,7
30269,7
30278,7
30284,2
30285,7
30287,2
30293,7
30294,7
30297,2
30301,2
30308,2
30323,7
30332,7
30333,2
30341,7
30347,2
30349,7
30352,7
30362,7
30363,7
30370,7
30372,7
30374,2
30378,2
30387,2
30389,7
30393,7
30398,2
30402,7
30407,2
30413,2
30419,2
30427,7
30436,2
30440,7
30443,7
30449,7
30460,7
30463,2
30467,7
30480,2
30483,2
30486,7
30487,2
30492,2
30494,2
30499,7
30500,7
30501,2
30503,2
30508,7
30512,2
30525,7
30528,2
30529,2
30531,2
30532,7
30536,7
30543,2
30545,2
30550,2
30551,7
30561,7
30563,7
30565,2
30568,2
30570,2
30575,2
30577,2
30580,7
30583,7
30589,7
30590,2
30597,2
30598,2
30601,2
30605,2
30612,7
30617,7
30625,7
30642,2
30647,2
30679,2
30689,7
30693,7
30696,2
30710,7
30719,2
30721,7
30729,2
30731,2
30740,7
30752,7
30754,7
30758,2
30763,2
30767,7
30774,2
30782,7
30785,2
30794,2
30802,2
30805,2
30807,2
30809,2
30814,7
30815,2
30820,2
30823,7
30828,2
30829,2
30835,7
30839,2
30841,2
30849,7
30851,2
30856,7
30865,7
30871,7
30876,2
30878,2
30883,2
30884,2
30885,7
30888,2
30889,7
30905,7
30913,7
30918,2
30920,7
30924,7
30930,7
30934,2
30935,2
30936,7
30950,2
30954,7
30961,7
30962,7
30964,7
30966,2
30969,7
30971,7
30978,2
30988,2
30992,2
31001,7
31019,2
31020,7
31029,7
31035,2
31039,7
31041,2
31055,2
31056,7
31058,7
31060,2
31063,2
31065,7
31068,7
31069,7
31071,7
31073,7
31076,7
31083,7
31095,7
31097,7
31100,2
31104,2
31107,7
31112,2
31113,2
31117,2
31123,7
31124,2
31125,2
31126,7
31134,2
31149,7
31154,7
31156,7
31158,2
31165,2
31174,2
31187,7
31188,2
31192,7
31200,7
31202,7
31203,2
31212,2
31214,2
31224,2
31228,7
31229,2
31231,2
31234,2
31238,2
31241,7
31250,7
31256,7
31259,2
31261,7
31273,7
31274,2
31275,7
31276,7
31280,7
31283,7
31295,7
31296,7
31300,7
31303,2
31306,2
31309,2
31310,7
31324,7
31327,7
31329,7
31331,2
31332,7
31333,7
31337,2
31342,7
31349,7
31353,2
31364,2
31371,7
31372,7
31375,2
31376,7
31377,7
31385,2
31387,2
31393,7
31406,2
31407,7
31417,7
31419,2
31427,2
31428,7
31429,2
31432,7
31435,7
31437,2
31439,2
31440,7
31441,7
31443,7
31447,2
31458,7
31466,2
31470,7
31481,2
31482,2
31485,2
31495,7
31496,7
31501,7
31511,2
31514,2
31517,2
31518,2
31524,7
31526,2
31529,2
31532,2
31534,7
31536,7
31541,2
31559,2
31560,2
31561,2
31562,2
31574,7
31575,7
31588,2
31597,2
31598,7
31601,7
31603,7
31605,7
31609,7
31611,7
31619,7
31620,7
31622,7
31627,2
31628,7
31629,2
31635,7
31642,2
31656,7
31657,2
31662,7
31669,7
31673,7
31678,2
31680,2
31681,2
31682,7
31686,2
31688,7
31689,2
31691,2
31698,7
31700,7
31703,7
31706,7
31708,2
31717,7
31718,7
31720,7
31725,7
31734,2
31739,7
31744,7
31754,7
31766,2
31774,7
31775,7
31777,2
31780,2
31785,7
31796,2
31798,2
31800,2
31801,7
31802,2
31803,2
31805,7
31808,7
31811,2
31812,7
31814,2
31819,7
31825,2
31841,7
31844,7
31845,2
31848,7
31851,2
31862,2
31864,2
31867,2
31876,2
31881,7
31895,2
31896,7
31901,7
31905,2
31909,7
31914,7
31917,2
31919,2
31920,2
31932,7
31933,2
31935,2
31936,2
31939,7
31945,7
31954,2
31958,7
31963,7
31964,2
31972,2
31977,2
31994,7
31995,7
32001,2
32003,7
32006,7
32009,7
32011,7
32013,7
32019,7
32021,2
32027,7
32029,2
32043,2
32047,2
32054,2
32056,7
32060,2
32063,2
32066,2
32072,2
32076,7
32094,7
32096,7
32100,7
32102,2
32110,7
32120,7
32123,2
32124,2
32127,2
32131,7
32134,7
32135,2
32143,7
32146,2
32148,2
32153,7
32158,7
32182,2
32183,2
32185,2
32193,7
32194,2
32201,2
32210,2
32216,7
32219,7
32222,7
32223,7
32226,7
32228,2
32229,7
32231,2
32232,7
32239,7
32252,2
32259,7
32260,7
32266,7
32269,2
32273,7
32277,2
32279,7
32289,2
32291,7
32294,2
32295,2
32296,2
32303,7
32305,7
32313,7
32316,2
32318,2
32322,7
32325,2
32328,2
32334,2
32342,2
32347,2
32350,7
32356,2
32366,7
32371,7
32372,7
32376,2
32381,7
32386,2
32391,7
32392,2
32393,7
32395,7
32408,7
32416,7
32423,7
32426,7
32432,7
32434,2
32440,7
32459,7
32462,7
32463,2
32464,7
32472,2
32483,2
32485,2
32488,7
32496,2
32497,7
32500,7
32501,7
32502,7
32506,7
32509,7
32518,2
32533,2
32534,7
32536,2
32537,2
32546,2
32551,2
32559,7
32562,7
32565,2
32566,7
32567,7
32576,7
32593,2
32596,7
32612,7
32616,7
32617,2
32619,2
32628,7
32630,7
32636,2
32637,2
32643,7
32645,7
32654,7
32658,2
32667,2
32671,2
32674,7
32677,7
32679,7
32684,2
32685,7
32687,2
32696,2
32697,2
32698,7
32700,2
32709,7
32710,2
32716,7
32719,7
32723,2
32726,2
32731,2
32747,2
32748,2
32759,2
32760,7
32761,7
32780,2
32787,2
32791,2
32804,7
32810,7
32820,2
32823,2
32829,2
32832,7
32838,7
32840,7
32841,2
32858,2
32865,2
32869,7
32879,2
32880,2
32881,2
32885,2
32886,2
32887,7
32892,2
32894,2
32897,7
32899,2
32900,7
32905,7
32914,7
32918,7
32923,2
32929,2
32931,2
32934,2
32935,7
32936,2
32947,7
32951,2
32953,7
32959,7
32961,2
32970,2
32974,7
32984,7
32995,2
32998,2
33006,7
33012,7
33013,7
33016,2
33021,7
33027,7
33028,2
33037,2
33038,7
33039,2
33045,7
33053,7
33054,7
33056,7
33057,7
33059,2
33070,2
33076,2
33078,2
33082,7
33084,2
33085,7
33090,7
33092,2
33093,2
33097,2
33098,7
33102,7
33104,7
33107,2
33109,2
33111,7
33130,7
33138,7
33145,2
33157,2
33159,2
33173,2
33178,7
33179,2
33181,2
33188,7
33193,7
33206,7
33207,2
33216,2
33218,2
33228,2
33237,7
33245,2
33246,7
33259,2
33281,7
33284,7
33286,2
33290,7
33293,2
33294,7
33297,7
33298,7
33303,2
33308,7
33313,7
33317,2
33320,7
33323,7
33340,2
33349,2
33357,2
33360,2
33361,2
33365,2
33368,7
33377,7
33381,2
33387,2
33390,7
33391,7
33393,7
33407,2
33409,2
33415,7
33416,7
33418,2
33422,2
33424,2
33427,7
33429,7
33436,2
33441,7
33451,2
33452,7
33468,2
33471,7
33477,2
33479,2
33486,2
33490,2
33492,2
33495,2
33500,2
33503,7
33509,7
33514,2
33522,2
33524,7
33526,7
33528,7
33532,7
33539,7
33548,2
33550,7
33551,7
33552,7
33569,2
33572,7
33576,7
33583,2
33585,7
33594,2
33597,7
33598,7
33599,2
33600,2
33606,2
33617,7
33625,2
33628,2
33629,2
33631,2
33642,7
33647,2
33651,2
33661,2
33664,2
33669,2
33670,2
33671,2
33680,7
33683,7
33687,7
33697,7
33700,7
33708,2
33710,2
33741,7
33742,7
33748,2
33749,2
33751,2
33758,7
33761,7
33763,2
33765,7
33782,7
33786,7
33789,2
33790,7
33791,2
33797,7
33802,7
33805,2
33812,7
33814,2
33815,7
33823,7
33828,2
33840,7
33845,2
33864,2
33870,7
33877,7
33887,7
33894,7
33898,7
33899,7
33905,2
33906,2
33914,7
33917,2
33918,7
33929,7
33935,7
33944,2
33948,7
33956,7
33959,7
33963,7
33965,2
33967,2
33968,7
33979,2
33981,2
33986,7
33988,7
33993,7
33994,2
34000,7
34001,7
34004,7
34007,2
34008,7
34011,2
34014,7
34017,7
34019,7
34022,2
34026,7
34039,7
34044,7
34048,2
34056,7
34060,7
34066,7
34095,2
34098,7
34102,7
34104,7
34114,2
34119,2
34121,2
34124,2
34125,7
34130,2
34134,2
34136,7
34146,2
34147,7
34150,2
34154,2
34161,2
34163,7
34166,2
34167,7
34174,7
34179,7
34181,7
34184,2
34187,2
34193,7
34194,7
34196,7
34205,7
34207,7
34212,7
34218,7
34233,2
34236,7
34247,2
34262,2
34269,7
34273,7
34275,2
34279,7
34286,7
34288,7
34291,7
34307,2
34310,7
34314,2
34330,2
34342,2
34343,7
34355,7
34358,2
34361,7
34377,7
34390,2
34395,7
34400,7
34407,2
34412,2
34427,7
34429,2
34430,2
34431,2
34434,7
34438,7
34458,7
34474,7
34475,7
34476,7
34482,2
34491,2
34493,7
34495,2
34500,7
34507,2
34515,7
34519,2
34521,7
34525,7
34532,2
34534,7
34536,2
34539,2
34544,2
34547,2
34559,7
34561,2
34562,7
34563,2
34566,7
34570,7
34575,2
34584,7
34585,7
34587,7
34592,2
34598,2
34599,7
34602,2
34604,2
34606,7
34607,2
34610,2
34611,2
34618,7
34622,7
34631,7
34633,2
34640,2
34646,7
34652,7
34657,2
34658,2
34663,7
34676,7
34678,7
34682,2
34685,2
34697,2
34701,2
34708,2
34710,2
34735,2
34740,2
34746,2
34751,7
34757,7
34767,7
34779,2
34782,2
34783,2
34785,2
34795,2
34796,2
34800,2
34804,2
34811,2
34813,2
34816,7
34823,7
34826,2
34830,2
34835,2
34838,7
34845,7
34854,2
34855,7
34858,2
34864,2
34866,7
34869,2
34875,2
34877,7
34883,2
34887,7
34894,7
34896,2
34898,7
34900,7
34908,2
34913,7
34914,7
34925,2
34927,2
34937,2
34940,2
34941,2
34942,2
34943,2
34952,2
34954,2
34958,7
34968,7
34988,7
34992,7
35002,2
35013,7
35029,2
35030,2
35032,2
35034,7
35044,2
35046,2
35054,2
35064,7
35071,2
35073,7
35086,7
35087,2
35089,2
35095,7
35098,7
35106,7
35113,2
35114,7
35115,7
35135,2
35138,7
35141,7
35154,7
35157,7
35158,7
35161,2
35169,7
35176,7
35179,7
35185,2
35188,7
35189,2
35196,2
35198,7
35199,7
35203,7
35209,7
35211,2
35220,2
35225,2
35227,7
35246,7
35247,7
35248,7
35252,2
35257,7
35258,2
35260,2
35265,2
35277,2
35292,7
35293,7
35296,2
35300,2
35307,7
35312,7
35317,7
35322,2
35324,2
35332,2
35334,7
35338,2
35339,7
35340,7
35347,7
35348,2
35356,2
35365,7
35367,2
35369,2
35375,7
35380,2
35388,2
35392,2
35393,2
35401,7
35404,2
35408,2
35416,7
35419,7
35421,7
35435,2
35441,2
35449,2
35452,2
35466,7
35467,2
35470,7
35481,7
35482,2
35494,7
35497,2
35501,7
35503,2
35511,2
35514,2
35516,7
35522,7
35528,7
35532,7
35533,7
35535,7
35546,2
35563,7
35571,7
35606,7
35613,2
35616,7
35623,2
35626,2
35627,2
35628,7
35636,7
35638,7
35640,2
35648,2
35649,7
35658,2
35662,2
35673,2
35675,7
35678,7
35683,7
35690,7
35692,7
35694,7
35699,2
35701,2
35703,7
35706,2
35707,7
35710,7
35711,7
35713,2
35715,2
35720,7
35721,2
35732,2
35734,2
35740,7
35742,2
35745,2
35748,7
35759,2
35762,7
35765,7
35768,2
35783,2
35786,2
35793,2
35795,7
35799,7
35803,7
35809,7
35825,2
35828,2
35832,7
35845,2
35849,7
35852,7
35859,2
35861,7
35863,2
35872,7
35874,2
35878,2
35879,7
35882,7
35885,2
35898,7
35908,7
35911,2
35914,7
35918,7
35927,7
35933,7
35939,2
35941,2
35957,7
35958,2
35960,7
35961,2
35963,2
35967,7
35980,2
35985,7
35996,7
35999,2
36008,7
36021,2
36024,7
36025,7
36028,2
36029,2
36035,2
36039,2
36043,7
36044,7
36060,7
36064,2
36070,2
36071,7
36075,7
36081,7
36084,2
36091,2
36092,7
36094,7
36100,7
36105,7
36106,2
36112,2
36126,7
36127,7
36128,2
36129,2
36135,2
36145,7
36146,2
36152,7
36159,2
36164,7
36167,2
36169,2
36171,2
36174,2
36178,7
36179,2
36182,2
36193,7
36201,2
36216,7
36217,2
36219,2
36227,2
36228,7
36229,7
36236,2
36237,2
36239,2
36241,2
36247,7
36248,7
36261,7
36267,2
36270,2
36271,2
36272,2
36277,7
36279,2
36286,7
36293,7
36294,2
36295,2
36309,2
36312,7
36319,7
36320,2
36321,7
36322,7
36324,2
36325,7
36326,7
36338,2
36343,2
36344,7
36350,7
36354,2
36360,7
36367,2
36372,7
36385,2
36386,2
36392,2
36404,2
36407,7
36409,7
36413,2
36414,2
36426,2
36428,7
36430,2
36433,7
36440,2
36442,7
36443,7
36463,2
36464,2
36467,7
36472,7
36476,7
36479,7
36480,2
36481,7
36482,7
36494,2
36495,2
36501,7
36503,2
36515,2
36521,2
36527,2
36529,7
36532,7
36535,7
36539,2
36541,2
36545,2
36554,2
36556,7
36562,7
36567,7
36569,2
36579,7
36586,2
36587,7
36589,7
36592,7
36594,7
36598,7
36607,7
36609,2
36613,2
36614,7
36618,7
36621,7
36623,7
36632,2
36635,7
36637,7
36638,2
36640,7
36646,2
36651,2
36652,7
36653,2
36658,2
36665,7
36666,7
36669,2
36671,7
36673,2
36674,7
36678,2
36687,7
36693,7
36694,7
36695,7
36700,7
36706,7
36710,7
36712,7
36714,2
36719,2
36720,2
36721,2
36722,7
36724,7
36725,7
36732,2
36742,7
36743,2
36745,7
36746,7
36749,2
36751,2
36752,7
36754,7
36771,2
36772,7
36774,7
36781,2
36784,2
36787,7
36792,2
36796,7
36797,7
36802,7
36812,2
36813,2
36818,7
36819,2
36821,7
36823,2
36826,7
36829,7
36831,7
36832,7
36835,7
36837,7
36838,2
36839,2
36850,2
36853,2
36854,7
36859,7
36863,7
36866,7
36869,7
36870,2
36876,7
36878,7
36891,7
36895,2
36902,7
36909,7
36911,7
36914,7
36915,2
36918,7
36920,7
36922,7
36929,7
36930,2
36931,2
36945,7
36949,2
36951,2
36952,7
36959,7
36967,2
36968,2
36972,2
36975,2
36979,2
36981,2
36986,7
36988,7
36990,7
36995,7
37002,2
37006,2
37008,2
37016,2
37018,2
37021,2
37022,7
37026,7
37027,2
37028,7
37030,7
37034,2
37050,7
37055,2
37056,7
37058,2
37061,7
37067,2
37069,7
37080,7
37087,7
37096,7
37097,7
37105,2
37106,7
37109,2
37113,2
37114,7
37117,2
37118,7
37120,7
37122,7
37130,7
37133,2
37134,2
37139,7
37140,7
37150,2
37152,7
37153,2
37158,2
37163,2
37165,2
37173,7
37178,2
37184,7
37189,2
37195,2
37196,7
37202,7
37204,2
37206,7
37212,2
37223,2
37229,7
37231,2
37234,7
37240,2
37248,2
37249,7
37265,7
37267,7
37269,2
37279,2
37292,2
37302,2
37304,7
37314,2
37331,2
37332,7
37335,2
37338,7
37340,7
37341,7
37346,7
37350,7
37352,2
37359,7
37361,2
37371,2
37377,7
37386,7
37398,7
37406,7
37410,7
37419,7
37422,2
37424,2
37425,2
37427,7
37429,7
37432,2
37438,2
37441,7
37454,2
37458,2
37460,2
37465,2
37466,2
37477,7
37484,7
37485,7
37491,2
37494,7
37495,7
37497,2
37498,7
37501,7
37509,2
37514,7
37519,7
37522,2
37524,7
37526,2
37531,2
37532,7
37533,2
37534,2
37537,7
37540,2
37542,2
37549,7
37556,2
37563,2
37567,7
37568,2
37572,7
37574,7
37583,2
37586,7
37594,7
37595,7
37596,2
37604,2
37609,7
37616,7
37617,7
37626,7
37630,7
37632,2
37638,2
37639,2
37644,7
37659,2
37663,7
37673,2
37680,7
37683,7
37691,2
37694,2
37696,7
37698,2
37701,2
37704,2
37717,7
37720,2
37723,7
37726,2
37727,7
37729,7
37731,7
37732,7
37737,2
37738,2
37751,2
37762,7
37763,7
37766,7
37772,7
37775,2
37778,2
37789,2
37796,2
37801,7
37804,2
37806,2
37812,2
37823,2
37824,2
37833,7
37835,2
37836,2
37838,2
37841,7
37843,7
37849,7
37851,7
37852,2
37867,7
37872,7
37876,2
37885,2
37896,2
37899,2
37914,7
37921,7
37924,7
37927,2
37932,7
37938,7
37940,2
37945,7
37950,7
37954,7
37957,7
37975,2
37976,2
37978,2
37985,7
37992,7
37998,7
38002,2
38006,2
38008,7
38017,2
38019,7
38020,2
38022,2
38029,2
38037,2
38039,2
38046,7
38047,2
38051,7
38055,7
38061,7
38064,2
38068,2
38070,2
38075,2
38081,7
38086,2
38090,2
38091,2
38103,2
38116,2
38117,7
38120,7
38122,2
38125,2
38131,7
38134,2
38136,2
38146,2
38147,2
38154,7
38155,2
38156,7
38158,2
38164,7
38165,7
38167,2
38168,2
38172,2
38176,2
38201,2
38207,2
38246,2
38248,7
38262,7
38270,2
38275,2
38276,7
38280,2
38291,2
38296,2
38300,7
38302,7
38306,2
38309,2
38315,7
38321,7
38323,7
38327,2
38332,7
38335,7
38354,7
38363,7
38365,7
38368,2
38371,7
38389,2
38390,7
38394,7
38396,7
38402,7
38414,2
38418,2
38420,7
38423,7
38434,2
38437,7
38453,2
38454,2
38455,7
38457,7
38461,2
38464,2
38467,2
38475,7
38479,7
38487,2
38488,2
38489,2
38493,7
38495,7
38503,2
38506,7
38508,7
38511,7
38527,2
38534,2
38536,7
38537,2
38538,7
38540,2
38542,2
38546,7
38549,7
38553,7
38558,7
38563,7
38566,2
38571,7
38576,2
38584,7
38587,2
38595,7
38596,2
38602,2
38606,7
38607,7
38613,2
38621,2
38631,7
38634,7
38641,7
38645,2
38648,2
38650,2
38654,2
38655,2
38672,2
38673,7
38682,2
38684,2
38685,7
38693,2
38694,7
38699,7
38703,2
38707,7
38708,2
38718,2
38720,7
38721,2
38723,2
38728,2
38729,7
38740,7
38743,7
38749,7
38753,2
38763,7
38769,2
38771,7
38773,7
38793,2
38801,7
38811,7
38828,2
38836,2
38842,7
38843,7
38847,7
38849,7
38850,2
38852,7
38859,2
38872,7
38876,2
38885,2
38886,2
38887,2
38890,7
38893,2
38896,7
38902,7
38904,2
38910,2
38920,7
38922,7
38934,7
38936,7
38937,7
38943,2
38944,2
38950,7
38951,7
38956,2
38957,7
38962,2
38969,2
38993,7
38996,7
38997,7
38999,7
39000,7
39004,7
39006,2
39015,7
39018,7
39021,7
39027,7
39028,7
39031,7
39040,2
39041,7
39043,7
39048,7
39050,7
39051,2
39054,7
39061,2
39064,2
39067,7
39074,2
39076,2
39078,7
39079,2
39085,2
39086,2
39087,2
39088,2
39090,2
39091,2
39097,7
39104,7
39113,2
39119,2
39134,2
39138,2
39145,2
39149,7
39154,7
39156,7
39159,7
39171,2
39173,7
39174,2
39184,7
39189,7
39204,7
39209,7
39216,2
39220,2
39223,7
39224,7
39234,7
39236,2
39240,7
39249,7
39255,7
39261,7
39280,7
39286,7
39290,2
39299,2
39302,2
39307,2
39310,7
39315,2
39318,2
39321,2
39328,2
39335,7
39341,7
39354,7
39362,7
39363,7
39375,2
39379,7
39380,2
39384,2
39385,7
39387,2
39388,7
39393,7
39400,7
39404,7
39405,2
39409,2
39410,2
39411,7
39415,2
39421,7
39422,7
39430,2
39433,2
39434,2
39439,2
39442,7
39449,7
39454,7
39456,7
39457,2
39460,7
39463,7
39471,2
39473,7
39474,7
39482,2
39483,2
39486,7
39493,7
39496,7
39499,2
39503,7
39508,7
39512,2
39534,7
39538,2
39540,2
39545,7
39548,2
39549,7
39566,7
39568,7
39577,7
39589,7
39591,7
39598,2
39599,7
39601,7
39606,2
39615,2
39636,7
39639,2
39640,7
39641,7
39643,2
39647,2
39657,2
39674,2
39682,7
39687,2
39695,7
39702,7
39703,7
39705,2
39708,2
39712,7
39719,7
39721,7
39723,7
39724,7
39739,7
39749,7
39750,7
39751,7
39761,7
39763,7
39772,2
39777,7
39778,2
39788,2
39789,7
39794,7
39798,2
39799,2
39803,7
39809,7
39814,7
39821,7
39822,2
39825,7
39826,2
39833,2
39844,7
39852,2
39853,2
39857,7
39861,7
39866,7
39869,7
39883,7
39888,7
39890,2
39891,2
39892,7
39900,2
39911,7
39916,7
39925,2
39930,2
39935,7
39936,2
39942,2
39946,2
39960,7
39976,7
39978,7
39979,2
39985,2
39986,2
39988,7
39993,7
39999,2
40006,2
40009,2
40013,2
40016,7
40019,2
40021,2
40036,2
40038,2
40039,7
40041,7
40042,2
40044,2
40045,7
40048,2
40058,2
40060,7
40069,7
40072,2
40075,2
40082,7
40084,2
40086,7
40088,2
40094,7
40100,2
40102,2
40104,2
40110,2
40112,2
40119,2
40124,2
40126,7
40129,2
40130,2
40139,2
40140,7
40143,7
40146,2
40151,2
40155,7
40166,7
40172,7
40174,7
40182,7
40188,7
40195,7
40204,7
40205,7
40222,2
40226,2
40236,7
40237,2
40240,7
40243,7
40245,7
40246,2
40255,7
40265,2
40271,7
40280,7
40281,2
40283,7
40284,2
40286,2
40290,7
40293,2
40298,7
40301,2
40307,2
40310,2
40312,2
40315,2
40318,2
40325,2
40326,7
40328,7
40331,2
40343,7
40348,7
40360,7
40367,2
40372,2
40376,7
40378,2
40381,2
40385,2
40393,7
40396,7
40398,2
40402,7
40410,7
40414,7
40415,2
40417,7
40420,7
40422,2
40423,2
40426,7
40428,7
40434,2
40436,7
40439,2
40440,2
40448,2
40449,7
40452,2
40458,7
40474,7
40475,7
40480,7
40495,2
40501,2
40503,2
40506,2
40510,2
40513,7
40517,2
40518,2
40522,7
40525,2
40539,7
40550,7
40552,2
40553,2
40558,7
40563,2
40566,7
40574,7
40579,2
40587,7
40591,2
40599,7
40611,7
40615,7
40618,2
40621,2
40625,2
40634,7
40635,2
40638,2
40645,2
40647,2
40648,2
40649,2
40650,7
40663,2
40665,7
40666,2
40667,2
40682,7
40683,2
40695,7
40700,7
40702,7
40704,2
40710,7
40715,2
40720,2
40724,2
40727,7
40728,7
40731,2
40734,7
40737,7
40744,7
40745,7
40746,7
40748,2
40755,2
40759,7
40765,7
40766,7
40770,2
40780,2
40785,7
40787,2
40806,2
40808,2
40810,2
40814,7
40819,2
40821,7
40826,7
40835,7
40839,2
40842,2
40848,7
40854,7
40856,7
40865,2
40874,7
40876,7
40878,7
40880,7
40883,2
40894,2
40897,2
40902,7
40904,2
40908,2
40914,2
40917,7
40921,7
40926,7
40927,7
40932,7
40934,7
40941,7
40942,7
40944,2
40952,7
40953,7
40959,2
40967,7
40975,7
40976,2
40984,7
40995,2
40996,7
40998,2
41006,2
41009,2
41011,2
41016,7
41023,2
41024,7
41025,2
41032,2
41034,7
41037,2
41041,2
41043,7
41045,7
41047,2
41053,2
41054,7
41056,7
41058,7
41076,7
41078,7
41081,2
41083,7
41091,7
41105,7
41112,7
41114,7
41117,7
41118,7
41125,7
41129,7
41132,2
41133,2
41138,7
41143,7
41150,2
41152,7
41158,2
41159,7
41160,2
41167,7
41171,7
41172,7
41182,7
41187,2
41188,7
41195,2
41197,2
41199,2
41211,7
41219,7
41234,2
41235,7
41236,7
41242,2
41244,7
41250,2
41253,7
41255,7
41257,7
41258,2
41262,7
41267,2
41281,7
41285,7
41286,7
41288,7
41289,2
41292,7
41301,7
41302,2
41308,7
41311,7
41316,7
41319,2
41321,2
41329,2
41342,7
41344,2
41347,2
41350,7
41353,7
41357,7
41365,7
41372,7
41375,7
41388,2
41394,2
41414,2
41417,2
41418,2
41422,2
41425,7
41426,7
41430,2
41445,2
41459,7
41469,2
41478,2
41486,2
41490,2
41500,2
41501,7
41507,7
41519,2
41528,7
41532,2
41538,2
41540,2
41542,2
41545,7
41546,2
41550,7
41554,2
41560,7
41567,2
41572,2
41580,7
41589,2
41595,2
41596,2
41601,2
41602,2
41604,2
41606,7
41607,7
41609,7
41621,2
41625,7
41628,7
41631,7
41633,2
41634,7
41646,7
41648,7
41649,7
41653,7
41660,2
41663,7
41668,7
41669,2
41670,7
41676,7
41680,2
41684,2
41686,2
41687,2
41693,7
41696,2
41701,7
41710,2
41715,7
41716,7
41720,2
41722,2
41725,2
41730,7
41736,7
41738,7
41743,2
41744,2
41745,7
41747,2
41749,2
41756,7
41765,2
41766,2
41770,2
41771,2
41777,2
41783,7
41787,7
41793,2
41802,2
41806,2
41810,2
41827,7
41830,2
41832,7
41840,2
41841,2
41850,2
41852,2
41860,7
41883,2
41884,7
41885,7
41886,7
41896,7
41897,2
41902,7
41929,2
41933,7
41947,7
41952,7
41953,2
41958,2
41969,7
41970,2
41973,2
41979,2
41982,2
41997,7
42001,7
42004,7
42010,2
42013,7
42017,7
42019,2
42030,2
42037,7
42039,2
42043,2
42044,2
42046,2
42049,7
42058,7
42068,2
42070,7
42072,7
42073,7
42094,7
42099,2
42101,2
42105,2
42106,7
42110,7
42118,2
42119,7
42129,2
42134,7
42136,7
42139,7
42149,7
42153,7
42156,7
42158,7
42160,7
42163,2
42171,2
42173,7
42185,2
42189,7
42192,2
42200,7
42202,2
42205,2
42216,7
42217,2
42221,7
42227,7
42232,2
42234,7
42238,7
42242,7
42258,7
42259,7
42262,7
42266,2
42268,2
42275,7
42276,2
42285,2
42294,7
42305,2
42309,7
42310,2
42315,7
42318,2
42324,7
42329,7
42340,2
42342,7
42343,7
42360,7
42362,2
42365,7
42366,7
42369,7
42371,2
42373,7
42380,7
42385,7
42392,7
42409,7
42412,2
42414,7
42416,2
42419,2
42423,2
42425,2
42426,2
42432,7
42433,2
42434,2
42435,7
42438,7
42445,7
42446,7
42471,2
42476,2
42481,2
42490,7
42493,2
42496,2
42498,7
42500,2
42503,2
42507,7
42510,7
42513,2
42514,7
42519,7
42520,2
42523,7
42531,2
42532,7
42534,7
42536,2
42540,2
42542,2
42543,7
42551,2
42557,7
42558,7
42565,7
42566,2
42567,7
42569,2
42573,2
42576,2
42588,7
42591,7
42593,2
42595,2
42600,2
42601,2
42602,7
42606,2
42615,2
42617,2
42619,2
42622,7
42627,7
42634,7
42639,2
42647,7
42649,2
42651,7
42652,2
42653,7
42660,2
42662,2
42679,7
42687,7
42698,7
42699,7
42709,7
42716,7
42718,2
42725,7
42731,7
42735,2
42737,7
42740,2
42754,2
42759,2
42770,7
42771,2
42775,7
42783,2
42788,2
42789,2
42799,2
42801,2
42804,2
42807,7
42809,7
42814,7
42839,2
42851,2
42853,2
42855,7
42859,7
42863,2
42872,2
42875,2
42879,7
42881,7
42883,7
42892,2
42896,7
42900,2
42902,7
42914,2
42916,2
42923,2
42924,7
42929,7
42930,2
42931,2
42933,7
42940,7
42944,2
42948,7
42950,2
42952,7
42953,2
42955,7
42963,2
42969,7
42970,7
42972,7
42975,2
42981,7
42996,7
42999,2
43000,7
43002,2
43007,7
43013,2
43014,2
43016,7
43024,2
43028,2
43033,7
43041,7
43056,7
43059,7
43061,2
43067,2
43077,2
43080,7
43093,2
43094,2
43097,7
43098,7
43102,2
43108,2
43111,7
43113,2
43115,7
43116,2
43121,2
43126,7
43139,7
43141,7
43147,2
43159,2
43161,7
43169,7
43174,7
43175,7
43183,2
43184,7
43188,2
43193,7
43196,7
43199,2
43203,2
43204,2
43208,2
43209,2
43211,7
43217,7
43218,2
43219,2
43231,2
43232,2
43233,7
43238,2
43245,2
43255,2
43256,2
43259,2
43269,2
43278,7
43279,7
43286,7
43290,2
43291,2
43292,7
43296,2
43303,7
43321,7
43322,7
43325,7
43326,2
43329,7
43333,2
43335,7
43338,2
43343,2
43348,7
43351,2
43353,7
43363,2
43366,2
43369,7
43370,7
43378,7
43379,2
43384,2
43388,2
43391,2
43392,7
43393,2
43397,2
43399,7
43401,2
43411,2
43418,7
43420,7
43427,2
43431,7
43432,7
43446,7
43450,7
43452,2
43459,7
43463,2
43469,2
43470,7
43471,7
43474,7
43485,7
43488,7
43489,7
43490,7
43495,7
43496,2
43502,2
43503,2
43523,2
43527,7
43528,7
43534,2
43537,2
43548,7
43550,2
43564,7
43567,7
43568,7
43569,7
43572,7
43574,7
43580,2
43590,2
43592,2
43598,2
43599,2
43600,7
43609,7
43612,2
43621,7
43623,2
43626,7
43635,7
43639,7
43641,7
43642,7
43645,7
43648,7
43649,2
43654,7
43661,7
43662,7
43664,7
43669,7
43680,2
43684,7
43686,2
43688,7
43696,2
43697,2
43698,7
43701,7
43705,2
43706,7
43709,7
43710,2
43712,7
43714,2
43716,2
43720,7
43721,2
43733,7
43738,2
43748,7
43754,7
43755,2
43759,7
43764,7
43768,7
43774,7
43776,7
43782,7
43783,7
43799,2
43802,7
43817,2
43818,2
43833,2
43838,7
43839,7
43841,7
43847,7
43855,7
43858,2
43863,2
43873,7
43874,2
43877,2
43893,2
43894,2
43899,2
43901,7
43902,2
43910,7
43912,2
43914,7
43916,7
43924,2
43928,2
43929,2
43935,7
43940,2
43944,7
43948,2
43956,7
43960,7
43965,2
43966,7
43967,7
43972,2
43973,7
43975,2
43976,2
43983,7
43984,2
43986,7
43992,7
43993,7
43996,2
44006,2
44010,7
44024,2
44034,2
44052,7
44063,2
44071,2
44078,2
44080,2
44081,7
44086,7
44089,7
44095,7
44097,7
44098,2
44100,7
44104,2
44105,2
44106,2
44108,7
44131,2
44138,7
44150,2
44163,7
44168,7
44174,7
44175,2
44180,7
44184,2
44185,7
44187,7
44194,7
44202,7
44204,2
44214,2
44220,7
44226,2
44228,7
44233,2
44246,2
44249,7
44254,2
44258,7
44259,7
44260,2
44262,2
44263,2
44265,7
44269,7
44273,2
44276,7
44280,7
44290,2
44292,7
44300,7
44310,7
44316,7
44325,7
44329,7
44337,7
44343,2
44344,2
44346,7
44366,2
44371,7
44377,7
44379,2
44381,2
44384,7
44388,7
44392,7
44393,2
44394,2
44395,7
44400,7
44408,7
44409,7
44419,2
44423,2
44424,2
44429,7
44436,2
44443,7
44444,7
44461,7
44468,2
44474,7
44477,7
44478,7
44483,2
44486,2
44500,7
44501,2
44506,2
44508,2
44513,2
44520,2
44522,7
44526,7
44531,2
44532,2
44537,2
44540,2
44543,7
44544,7
44546,7
44549,7
44550,7
44562,2
44563,7
44565,2
44566,7
44567,7
44569,7
44570,7
44586,7
44590,7
44602,7
44605,2
44607,2
44614,7
44616,7
44617,2
44619,7
44624,2
44634,7
44639,2
44640,2
44641,7
44645,7
44650,7
44655,2
44658,2
44662,2
44669,7
44671,7
44672,2
44679,7
44680,7
44683,2
44692,2
44697,7
44698,7
44700,7
44705,7
44719,7
44722,7
44723,2
44725,7
44729,7
44734,7
44740,7
44755,2
44758,2
44762,7
44776,7
44780,7
44782,2
44798,2
44800,7
44807,7
44812,7
44813,2
44823,2
44824,7
44826,7
44829,7
44831,7
44840,2
44847,7
44848,7
44853,7
44860,7
44867,7
44893,2
44894,7
44898,2
44900,7
44901,2
44904,7
44905,7
44908,2
44912,2
44922,7
44924,7
44926,2
44938,7
44942,7
44949,2
44953,2
44954,7
44955,7
44958,7
44968,2
44991,2
45003,7
45005,7
45006,2
45007,7
45022,2
45023,7
45026,7
45027,2
45032,2
45037,2
45040,2
45041,2
45042,2
45045,2
45048,7
45057,7
45058,7
45064,2
45070,7
45071,2
45074,7
45080,7
45085,7
45088,2
45091,2
45094,7
45097,7
45099,2
45105,2
45106,7
45111,7
45114,2
45115,7
45117,2
45120,7
45124,2
45127,7
45133,7
45138,7
45146,2
45155,2
45159,2
45160,7
45167,7
45168,7
45171,2
45172,2
45173,7
45175,7
45176,2
45180,7
45183,7
45188,2
45189,7
45191,7
45195,7
45207,7
45212,7
45213,7
45217,2
45234,7
45236,2
45239,2
45245,2
45251,2
45269,7
45275,7
45279,7
45285,2
45287,2
45292,7
45296,2
45312,7
45313,7
45314,7
45323,7
45329,7
45332,2
45333,7
45337,7
45340,7
45341,2
45344,7
45345,7
45346,7
45360,2
45365,7
45368,2
45369,7
45379,7
45382,2
45384,7
45397,7
45409,7
45413,2
45416,7
45424,7
45425,7
45427,2
45430,7
45435,7
45438,2
45448,7
45449,7
45462,7
45464,2
45469,2
45472,2
45474,2
45481,2
45484,7
45486,7
45491,2
45494,2
45503,7
45506,2
45522,2
45528,7
45530,2
45531,2
45536,2
45541,7
45542,2
45546,2
45549,7
45551,7
45554,2
45555,7
45560,2
45563,2
45569,2
45579,7
45588,2
45591,7
45595,7
45596,7
45608,2
45611,7
45612,7
45614,7
45617,7
45618,2
45620,2
45621,2
45631,2
45648,2
45653,2
45654,7
45655,7
45676,7
45680,2
45682,7
45693,2
45704,2
45712,2
45713,7
45715,7
45716,2
45725,2
45728,2
45730,2
45739,2
45742,7
45744,2
45757,2
45759,7
45760,2
45768,2
45774,2
45783,2
45784,7
45789,7
45790,7
45791,2
45801,2
45803,2
45806,2
45815,7
45818,7
45825,2
45828,7
45833,2
45835,2
45840,7
45844,7
45845,7
45852,7
45853,7
45854,7
45857,2
45859,2
45861,2
45872,7
45873,7
45875,2
45880,7
45886,7
45903,7
45908,2
45912,7
45915,7
45916,7
45917,2
45926,2
45938,7
45943,2
45955,2
45962,2
45966,7
45969,2
45973,2
45980,2
45981,7
45982,2
45984,2
45986,7
45989,2
45990,7
45994,7
46003,2
46018,2
46023,2
46024,7
46036,7
46038,2
46039,2
46046,7
46051,7
46056,7
46057,2
46064,7
46065,7
46066,7
46068,2
46081,2
46082,7
46084,7
46085,2
46088,7
46110,7
46112,2
46123,2
46135,2
46136,2
46140,7
46144,7
46146,7
46155,2
46156,7
46157,2
46158,2
46160,2
46171,7
46172,2
46182,7
46184,7
46185,7
46187,7
46189,2
46190,7
46192,7
46207,2
46216,7
46226,7
46227,7
46233,2
46242,2
46245,7
46246,7
46248,7
46249,2
46260,7
46266,2
46275,7
46276,2
46279,7
46288,7
46296,2
46300,2
46303,7
46317,2
46319,2
46326,7
46329,2
46330,2
46341,7
46343,7
46344,2
46347,2
46349,7
46355,2
46357,2
46376,7
46384,2
46390,7
46392,2
46396,2
46398,2
46412,7
46428,2
46432,2
46434,7
46437,2
46439,2
46444,2
46448,7
46449,7
46450,7
46456,7
46459,2
46480,2
46487,2
46499,7
46500,7
46505,7
46506,2
46509,7
46515,2
46522,7
46537,2
46538,2
46541,7
46542,7
46545,7
46553,2
46561,2
46571,2
46588,2
46590,2
46604,2
46607,2
46609,2
46611,7
46614,2
46620,2
46624,2
46632,2
46633,7
46637,7
46641,2
46649,7
46657,7
46667,7
46668,7
46669,7
46672,7
46675,2
46681,2
46682,7
46688,2
46692,2
46693,2
46696,2
46697,7
46700,7
46708,7
46716,2
46719,7
46721,2
46723,2
46724,2
46725,2
46728,2
46736,7
46738,7
46741,7
46745,2
46754,7
46758,2
46761,7
46764,2
46766,2
46771,7
46774,2
46775,2
46787,2
46789,2
46792,2
46803,7
46809,7
46811,7
46819,7
46829,7
46832,2
46834,2
46835,2
46836,2
46846,7
46859,7
46869,2
46871,7
46874,7
46886,2
46887,7
46890,7
46895,2
46900,2
46901,2
46903,2
46904,7
46906,2
46913,7
46914,2
46920,7
46931,7
46941,2
46948,7
46954,7
46959,2
46960,2
46967,7
46977,2
46980,7
46983,2
46991,7
46992,7
47000,7
47009,7
47011,7
47013,2
47014,7
47022,7
47023,2
47030,2
47031,2
47033,7
47034,2
47036,7
47037,2
47040,2
47041,2
47043,2
47046,2
47068,7
47078,2
47080,7
47084,7
47086,7
47093,7
47098,7
47099,7
47104,2
47108,7
47111,7
47113,2
47120,7
47123,7
47152,2
47157,2
47163,7
47168,2
47169,7
47172,7
47187,7
47190,2
47199,7
47210,7
47211,7
47214,7
47215,2
47227,2
47231,7
47232,2
47249,7
47251,7
47262,7
47267,2
47268,2
47269,2
47273,7
47275,7
47278,2
47289,2
47295,2
47304,2
47305,2
47306,7
47307,2
47317,2
47321,7
47327,7
47330,2
47335,7
47348,2
47355,7
47360,2
47361,7
47364,7
47365,2
47367,2
47370,2
47371,2
47373,2
47375,7
47385,7
47390,2
47398,2
47403,2
47405,2
47408,2
47409,2
47411,2
47412,2
47414,7
47420,2
47426,2
47427,7
47439,7
47442,2
47444,2
47447,7
47449,2
47452,7
47453,7
47457,2
47462,7
47473,2
47480,7
47484,2
47485,7
47488,7
47505,7
47508,2
47510,2
47511,7
47513,2
47515,2
47516,2
47520,7
47523,7
47524,2
47525,7
47526,7
47528,7
47531,7
47535,7
47541,7
47544,7
47551,2
47553,2
47563,2
47564,2
47575,2
47579,2
47585,2
47595,7
47603,7
47606,2
47609,2
47610,7
47611,2
47613,2
47614,7
47627,2
47628,7
47633,7
47636,2
47640,2
47641,7
47648,2
47651,2
47652,2
47655,2
47656,2
47657,2
47663,2
47664,2
47680,7
47688,7
47689,2
47698,2
47703,2
47704,7
47711,7
47712,2
47718,2
47719,2
47721,7
47732,7
47737,2
47738,7
47739,2
47744,2
47746,2
47748,7
47750,7
47758,2
47761,2
47762,7
47768,2
47776,2
47778,7
47783,7
47789,2
47791,2
47795,7
47797,2
47803,7
47805,2
47821,2
47824,7
47825,2
47827,2
47835,7
47839,2
47863,2
47867,7
47872,7
47873,7
47876,7
47878,2
47897,2
47910,2
47920,7
47927,2
47929,7
47948,2
47953,2
47954,2
47955,2
47964,2
47965,2
47967,2
47971,7
47973,7
47984,7
47991,2
47993,2
48005,7
48008,2
48034,2
48039,7
48043,7
48044,2
48045,2
48046,2
48048,2
48049,2
48052,7
48057,7
48059,2
48061,2
48065,7
48066,2
48067,7
48069,7
48070,7
48071,2
48072,2
48085,7
48086,2
48087,2
48093,2
48099,2
48100,2
48109,7
48120,2
48122,7
48127,2
48141,2
48144,7
48148,2
48149,2
48153,7
48154,7
48169,2
48173,2
48182,2
48184,2
48193,2
48196,7
48198,2
48201,7
48211,7
48216,2
48218,7
48225,7
48226,2
48229,7
48231,7
48236,7
48237,7
48246,2
48249,7
48266,2
48269,2
48277,2
48287,7
48289,2
48291,2
48300,7
48301,2
48306,7
48315,7
48332,2
48335,2
48344,2
48348,7
48362,2
48365,7
48369,2
48371,7
48379,2
48384,7
48387,2
48388,2
48393,2
48396,2
48404,2
48406,7
48408,7
48412,2
48417,7
48423,7
48436,7
48440,7
48442,7
48447,2
48448,7
48451,2
48468,2
48471,7
48479,2
48481,7
48493,7
48508,2
48518,7
48526,7
48529,7
48534,2
48542,7
48544,2
48556,7
48573,7
48581,7
48582,2
48586,2
48587,2
48596,2
48607,7
48609,2
48620,2
48622,2
48623,2
48627,7
48632,2
48638,7
48640,2
48641,2
48643,7
48645,2
48646,7
48648,7
48649,7
48651,2
48658,7
48664,7
48665,2
48667,7
48673,7
48676,7
48678,7
48684,2
48688,7
48689,2
48693,2
48707,7
48709,7
48711,2
48713,7
48720,7
48723,7
48724,2
48725,7
48726,2
48742,7
48745,7
48748,7
48768,2
48770,2
48776,7
48785,2
48790,2
48791,7
48796,7
48801,2
48802,7
48806,2
48807,2
48810,2
48821,7
48824,7
48826,7
48834,7
48835,7
48838,2
48843,7
48844,7
48846,2
48848,7
48850,2
48856,2
48863,7
48870,2
48871,2
48883,2
48889,7
48892,2
48893,2
48894,7
48895,7
48901,2
48906,2
48908,2
48915,2
48919,2
48924,7
48940,7
48941,7
48942,7
48965,7
48984,2
48987,2
48988,2
48992,2
48998,2
49000,7
49002,2
49005,2
49006,2
49007,2
49018,7
49019,2
49023,7
49024,7
49028,7
49036,7
49044,2
49048,7
49049,7
49056,7
49057,2
49060,2
49070,7
49094,7
49100,7
49102,2
49106,7
49113,2
49124,7
49129,7
49131,7
49135,2
49140,2
49145,2
49146,7
49158,7
49165,7
49167,7
49169,2
49178,7
49187,7
49188,7
49193,7
49200,7
49201,7
49202,2
49206,2
49215,7
49216,2
49220,7
49229,2
49230,7
49233,7
49237,7
49238,7
49244,7
49248,7
49255,2
49258,2
49261,7
49268,2
49270,2
49274,7
49279,2
49281,2
49282,7
49287,2
49289,2
49298,2
49304,2
49307,2
49318,2
49331,2
49332,2
49337,7
49341,7
49342,2
49344,7
49358,7
49360,2
49373,2
49377,7
49393,2
49397,7
49399,7
49405,7
49409,2
49414,2
49420,2
49421,2
49426,2
49429,7
49433,7
49444,2
49445,2
49447,7
49453,2
49454,2
49457,7
49459,7
49461,7
49463,2
49467,2
49469,7
49472,2
49475,2
49476,7
49478,2
49479,7
49490,2
49494,7
49496,7
49501,7
49510,7
49521,7
49522,7
49523,7
49535,7
49540,2
49549,2
49551,7
49563,2
49564,7
49569,7
49574,2
49579,7
49581,7
49583,7
49584,7
49588,2
49597,2
49598,2
49600,2
49602,7
49607,7
49610,2
49612,7
49624,2
49625,2
49626,7
49631,2
49632,7
49635,7
49638,7
49639,2
49641,2
49643,2
49647,2
49655,2
49661,2
49672,2
49679,7
49703,2
49705,7
49715,7
49716,2
49718,2
49726,2
49728,7
49746,7
49749,2
49760,2
49763,2
49767,7
49773,7
49784,2
49786,7
49791,2
49796,7
49799,2
49810,7
49813,2
49815,2
49818,2
49821,7
49822,7
49823,2
49827,7
49832,2
49847,7
49851,7
49858,7
49861,2
49876,2
49878,2
49880,7
49881,2
49884,7
49886,7
49889,2
49893,2
49897,7
49905,2
49909,7
49911,2
49914,2
49916,2
49940,7
49946,7
49948,7
49950,7
49951,2
49952,7
49956,2
49959,2
49968,2
49973,2
49975,2
49977,7
49982,7
49986,2
49995,2
49998,2
50000,2
50005,2
50006,7
50016,7
50022,7
50024,2
50030,2
50033,7
50036,7
50041,2
50043,2
50045,2
50053,2
50055,7
50056,7
50057,2
50058,7
50059,7
50065,7
50073,7
50074,7
50081,7
50083,2
50087,2
50089,2
50093,2
50094,2
50097,7
50099,2
50103,7
50105,7
50108,2
50111,2
50115,2
50123,2
50135,2
50137,7
50139,2
50146,7
50153,7
50176,7
50181,7
50182,2
50184,2
50190,2
50191,2
50192,2
50194,7
50196,7
50199,2
50206,2
50207,2
50213,7
50219,7
50225,2
50228,7
50229,7
50234,2
50243,7
50246,2
50247,2
50257,2
50258,7
50264,7
50267,7
50268,2
50278,7
50294,7
50295,7
50298,7
50301,2
50303,2
50313,7
50319,2
50324,2
50333,7
50338,7
50342,7
50343,7
50348,7
50351,7
50355,2
50359,7
50381,7
50385,2
50387,2
50392,7
50402,2
50403,2
50411,7
50412,7
50414,2
50428,7
50431,2
50443,7
50446,7
50447,7
50449,7
50451,2
50453,2
50455,2
50459,7
50462,2
50478,2
50479,7
50481,2
50489,7
50490,2
50492,7
50493,7
50494,7
50496,7
50501,2
50506,7
50507,7
50510,2
50513,7
50514,2
50527,2
50528,2
50532,7
50535,2
50540,7
50549,7
50556,2
50563,7
50565,7
50567,7
50568,7
50575,2
50576,7
50587,2
50590,2
50595,7
50601,7
50608,7
50612,7
50620,2
50624,7
50630,7
50635,7
50639,7
50647,2
50649,2
50653,2
50657,7
50658,2
50659,2
50661,2
50673,7
50678,2
50686,7
50692,2
50701,7
50702,7
50705,7
50718,7
50721,2
50724,2
50730,7
50749,7
50761,2
50764,7
50772,7
50781,2
50784,2
50786,7
50788,7
50792,2
50794,2
50797,7
50814,2
50819,7
50823,2
50824,2
50828,7
50834,2
50840,7
50846,7
50848,2
50857,7
50863,2
50867,7
50880,2
50885,2
50893,7
50906,2
50908,7
50915,7
50923,7
50928,2
50936,7
50938,7
50945,2
50946,2
50958,2
50965,2
50967,2
50968,7
50980,2
50983,7
50986,2
50991,7
50995,7
50997,7
51004,2
51006,2
51009,7
51016,7
51018,7
51023,7
51025,7
51028,2
51029,7
51030,2
51031,7
51032,2
51033,7
51036,2
51039,7
51047,7
51050,2
51053,2
51062,7
51063,7
51069,7
51070,7
51076,7
51079,7
51083,2
51084,2
51091,7
51093,2
51098,2
51103,7
51119,7
51126,7
51130,2
51133,2
51135,7
51136,7
51138,7
51141,7
51147,7
51149,2
51156,2
51158,2
51159,2
51163,2
51164,2
51171,2
51172,2
51177,2
51187,2
51194,7
51207,2
51208,2
51215,2
51224,2
51227,7
51230,2
51233,7
51235,7
51239,7
51246,2
51253,7
51256,7
51258,2
51283,7
51295,2
51306,2
51311,7
51335,2
51338,7
51339,7
51344,7
51346,2
51353,2
51358,2
51364,2
51366,7
51372,2
51378,7
51382,7
51390,2
51394,2
51395,7
51397,2
51398,2
51404,2
51406,7
51407,2
51413,7
51416,2
51420,2
51422,2
51425,2
51431,7
51437,7
51445,7
51448,7
51460,7
51463,2
51464,7
51472,2
51477,2
51479,2
51483,7
51487,2
51494,2
51496,2
51531,7
51532,7
51539,7
51541,2
51543,2
51544,2
51553,7
51555,2
51559,7
51564,2
51566,7
51585,7
51587,2
51594,2
51599,2
51606,7
51611,7
51618,7
51619,7
51620,2
51638,7
51645,7
51646,2
51651,7
51652,2
51653,2
51656,2
51658,7
51659,2
51667,7
51669,2
51672,2
51673,2
51674,2
51686,2
51702,7
51706,2
51710,2
51716,7
51730,2
51738,7
51748,2
51749,2
51754,2
51757,7
51760,7
51776,7
51794,7
51799,2
51801,7
51802,2
51804,7
51806,2
51809,2
51816,2
51831,7
51838,2
51840,7
51847,7
51852,7
51854,2
51857,2
51863,7
51868,2
51869,2
51870,7
51871,2
51873,2
51874,7
51883,7
51884,7
51888,7
51889,2
51890,7
51891,7
51893,7
51898,2
51899,2
51904,2
51905,2
51912,2
51914,7
51915,2
51919,7
51927,7
51931,2
51944,2
51945,2
51951,2
51955,7
51966,2
51970,7
51974,7
51977,2
51980,2
51984,7
51987,2
51989,7
51996,2
51998,2
51999,2
52000,2
52004,7
52007,2
52012,7
52014,2
52015,7
52016,7
52022,7
52025,2
52030,7
52031,7
52052,7
52054,2
52058,7
52064,2
52066,2
52067,2
52069,2
52070,7
52077,2
52084,7
52087,2
52093,2
52098,7
52101,7
52105,7
52116,2
52120,7
52121,2
52123,2
52135,2
52138,7
52148,7
52150,7
52151,7
52157,2
52166,2
52167,7
52169,7
52173,2
52175,2
52177,2
52179,7
52183,7
52187,7
52188,2
52197,7
52202,7
52204,7
52205,2
52211,7
52212,7
52218,2
52225,7
52228,7
52232,2
52241,7
52257,2
52282,2
52287,2
52291,2
52294,7
52302,2
52306,7
52308,7
52310,2
52316,7
52323,2
52329,7
52336,7
52351,7
52353,2
52362,7
52366,2
52368,2
52372,2
52373,2
52374,2
52391,2
52401,2
52402,2
52414,2
52415,7
52417,2
52421,7
52423,2
52425,2
52427,7
52431,2
52432,2
52434,2
52444,2
52445,7
52447,7
52450,2
52457,7
52466,2
52478,7
52484,2
52487,7
52489,7
52490,7
52491,7
52492,7
52494,7
52496,7
52503,2
52505,7
52514,7
52527,7
52532,7
52540,7
52550,2
52555,7
52558,7
52564,7
52566,7
52569,7
52573,7
52577,2
52586,7
52587,2
52589,2
52590,7
52594,2
52595,2
52598,7
52599,2
52615,7
52617,2
52621,7
52624,2
52629,7
52633,2
52635,7
52644,7
52645,7
52650,2
52672,7
52674,7
52677,7
52680,2
52686,7
52688,7
52696,7
52700,2
52708,7
52712,7
52716,2
52722,7
52743,7
52748,2
52754,2
52757,2
52760,2
52765,7
52768,7
52769,7
52775,7
52778,7
52780,7
52782,7
52784,2
52792,7
52802,2
52803,7
52807,2
52826,7
52828,2
52833,2
52835,2
52836,2
52842,2
52857,2
52862,7
52872,7
52879,7
52882,2
52887,2
52892,2
52893,7
52896,7
52897,2
52898,2
52902,2
52904,7
52909,2
52910,2
52933,2
52936,7
52945,2
52947,2
52951,2
52955,2
52957,7
52960,7
52977,7
52980,2
52981,2
52985,7
52986,7
52996,2
53004,2
53007,7
53010,2
53019,7
53022,2
53023,2
53032,2
53037,2
53039,7
53042,2
53044,7
53051,7
53057,2
53060,7
53064,2
53071,2
53075,2
53078,7
53086,2
53089,7
53090,2
53094,7
53098,2
53108,7
53111,2
53115,7
53119,7
53143,2
53150,7
53158,7
53159,2
53164,2
53167,7
53183,2
53187,7
53193,7
53195,7
53199,2
53203,2
53239,7
53241,2
53242,7
53246,7
53253,7
53254,7
53255,2
53258,2
53263,2
53269,7
53274,7
53276,7
53277,2
53281,7
53302,2
53305,2
53306,7
53329,7
53332,7
53356,7
53358,2
53367,2
53377,7
53378,2
53380,7
53383,2
53387,2
53396,2
53402,7
53407,7
53416,2
53418,7
53419,2
53421,2
53422,2
53435,2
53439,7
53441,2
53445,7
53451,7
53460,7
53466,2
53469,7
53470,2
53473,2
53474,7
53476,2
53480,2
53486,7
53489,7
53496,7
53498,2
53499,2
53503,2
53507,7
53517,2
53521,2
53527,2
53535,7
53541,2
53544,2
53547,2
53551,2
53555,2
53558,7
53559,2
53566,7
53567,7
53571,2
53572,7
53578,2
53585,2
53588,2
53592,7
53600,7
53604,2
53607,2
53619,7
53624,2
53626,7
53628,7
53631,7
53634,2
53637,7
53642,2
53643,2
53645,2
53663,7
53678,2
53680,7
53682,2
53684,7
53688,7
53691,2
53696,7
53699,7
53707,7
53715,7
53721,7
53722,2
53728,2
53747,7
53748,2
53751,2
53753,7
53754,2
53757,7
53758,7
53761,2
53767,2
53770,2
53771,7
53772,2
53773,7
53780,7
53784,7
53785,2
53790,2
53791,2
53793,2
53797,2
53803,2
53810,7
53815,2
53819,7
53825,7
53827,2
53837,7
53840,2
53866,2
53868,2
53870,7
53873,2
53880,7
53898,2
53900,2
53902,7
53905,2
53907,7
53910,7
53914,2
53920,7
53925,7
53928,2
53929,7
53932,7
53938,2
53939,7
53944,7
53945,2
53947,2
53950,7
53951,7
53960,2
53967,7
53971,2
53973,2
53974,2
53979,7
53980,7
53991,2
53997,2
54003,2
54005,7
54012,7
54016,7
54027,2
54032,7
54035,2
54039,7
54049,2
54056,2
54059,7
54060,7
54064,7
54065,7
54068,2
54073,7
54080,2
54081,7
54087,7
54091,7
54108,7
54110,2
54117,7
54122,7
54123,2
54128,7
54140,7
54148,2
54151,7
54158,2
54161,2
54163,2
54166,7
54183,7
54184,7
54193,7
54200,7
54209,2
54214,2
54215,7
54216,2
54218,2
54219,7
54222,2
54226,2
54234,2
54245,7
54246,2
54251,7
54252,2
54263,7
54275,7
54285,7
54286,7
54292,2
54309,7
54313,2
54315,2
54331,2
54335,7
54336,2
54337,7
54339,7
54340,7
54346,7
54360,7
54376,7
54377,7
54378,7
54381,2
54385,2
54389,2
54393,2
54401,7
54405,2
54419,2
54421,7
54423,7
54424,2
54426,7
54429,7
54438,7
54442,7
54443,2
54457,2
54477,2
54481,7
54485,7
54491,2
54496,2
54504,2
54510,7
54511,7
54514,7
54517,7
54518,7
54519,2
54521,2
54531,7
54533,7
54535,7
54536,2
54541,7
54544,7
54549,2
54553,2
54556,7
54564,7
54566,2
54569,7
54570,7
54571,2
54575,2
54594,2
54617,7
54623,7
54627,2
54631,7
54636,7
54645,7
54650,2
54651,7
54655,7
54658,2
54665,7
54667,7
54672,2
54679,2
54684,2
54698,2
54708,2
54710,7
54718,2
54721,7
54725,7
54728,2
54732,7
54733,7
54735,7
54743,7
54744,2
54756,7
54758,2
54760,7
54762,2
54763,7
54766,2
54768,2
54770,7
54775,2
54782,7
54783,2
54784,7
54787,7
54788,2
54794,2
54795,7
54803,7
54805,2
54806,2
54814,2
54819,2
54821,2
54830,2
54835,7
54838,7
54844,7
54853,2
54862,2
54867,2
54871,2
54880,2
54882,7
54900,7
54907,7
54909,7
54914,7
54928,7
54943,7
54945,7
54946,7
54960,2
54966,2
54967,2
54975,7
54976,7
54983,7
54995,2
54997,7
55002,2
55004,7
55012,2
55022,7
55028,2
55029,2
55036,2
55041,7
55044,7
55052,2
55056,7
55060,2
55068,2
55069,7
55072,7
55076,7
55078,7
55090,2
55091,2
55098,2
55108,7
55110,7
55112,7
55117,2
55119,7
55127,7
55134,7
55136,2
55145,2
55146,2
55150,7
55157,7
55160,7
55161,2
55164,2
55169,2
55175,2
55176,7
55178,7
55183,7
55184,2
55186,7
55188,2
55195,7
55198,2
55205,2
55209,2
55214,2
55223,2
55226,2
55230,2
55238,2
55247,7
55252,2
55258,2
55261,2
55262,7
55275,2
55277,2
55284,2
55285,2
55288,2
55289,2
55294,7
55296,7
55300,2
55308,2
55329,7
55330,7
55335,2
55342,7
55351,7
55352,2
55358,7
55360,2
55363,2
55365,2
55376,2
55379,2
55382,2
55386,2
55387,7
55397,2
55403,7
55404,2
55412,2
55416,7
55426,2
55428,2
55434,2
55436,7
55438,2
55447,2
55452,2
55454,7
55467,2
55469,2
55470,7
55474,7
55477,7
55478,7
55492,7
55495,2
55499,2
55500,2
55505,2
55512,2
55518,2
55543,2
55549,2
55550,2
55552,7
55563,2
55577,7
55578,2
55586,2
55587,7
55589,7
55593,7
55600,7
55603,2
55605,2
55612,2
55615,7
55618,7
55623,2
55629,2
55631,2
55637,7
55638,2
55646,2
55670,2
55673,7
55677,2
55686,7
55690,2
55699,7
55706,7
55708,2
55711,7
55712,7
55713,2
55717,7
55721,7
55722,2
55740,7
55742,2
55743,2
55745,2
55746,7
55747,7
55756,7
55758,7
55759,7
55764,7
55765,2
55766,2
55772,7
55773,7
55777,2
55781,2
55790,7
55792,2
55795,7
55802,2
55804,7
55807,2
55809,2
55817,7
55821,7
55826,7
55827,7
55829,2
55841,7
55848,2
55864,7
55871,7
55879,7
55882,2
55889,2
55891,2
55895,7
55897,7
55898,2
55914,2
55920,7
55923,7
55924,7
55937,7
55943,2
55951,7
55952,2
55957,7
55958,7
55959,7
55962,2
55980,7
55991,7
55993,2
55994,2
55995,2
56003,7
56007,2
56009,2
56015,7
56019,7
56024,7
56026,7
56030,2
56032,7
56033,7
56034,7
56037,7
56040,2
56042,7
56045,7
56047,2
56051,2
56056,7
56058,7
56059,7
56064,2
56066,7
56068,7
56070,2
56072,7
56073,2
56074,2
56075,2
56089,7
56114,7
56118,2
56119,2
56122,2
56129,2
56135,7
56136,2
56143,7
56144,2
56145,7
56151,7
56154,7
56159,2
56164,7
56165,2
56174,2
56181,2
56183,7
56186,7
56191,2
56200,2
56209,2
56217,7
56221,7
56225,2
56226,7
56233,2
56238,7
56239,2
56240,2
56242,2
56247,2
56255,7
56257,2
56261,2
56263,7
56273,2
56274,2
56276,7
56280,7
56281,7
56282,7
56284,2
56289,7
56292,7
56296,2
56298,7
56299,7
56303,2
56308,2
56312,7
56314,7
56335,7
56338,2
56351,7
56354,2
56358,2
56361,2
56366,2
56367,7
56374,7
56375,2
56378,2
56380,7
56385,2
56388,7
56390,2
56398,2
56403,7
56405,2
56407,2
56413,7
56422,7
56432,2
56434,7
56435,7
56437,7
56438,2
56448,7
56452,7
56454,7
56463,2
56465,7
56468,2
56469,7
56486,2
56488,7
56489,7
56500,2
56509,7
56513,2
56519,7
56524,2
56536,2
56543,2
56553,2
56573,7
56574,2
56578,7
56582,7
56591,2
56617,2
56623,7
56646,2
56651,7
56666,7
56667,2
56675,2
56677,7
56686,7
56689,7
56691,2
56698,2
56712,2
56714,7
56720,2
56725,7
56726,2
56732,7
56735,7
56754,2
56761,7
56764,7
56765,2
56769,7
56775,7
56786,2
56789,7
56794,2
56800,2
56801,7
56803,7
56809,7
56820,2
56822,7
56828,7
56831,2
56835,2
56838,2
56846,7
56865,2
56868,2
56869,2
56870,2
56885,7
56888,7
56892,7
56893,2
56925,2
56932,2
56941,2
56944,2
56951,2
56954,2
56957,7
56966,7
56970,2
56974,2
56976,7
56980,2
56987,7
56989,2
56997,2
57001,7
57014,7
57022,7
57024,7
57030,2
57031,7
57032,7
57035,2
57039,2
57041,7
57043,2
57055,2
57057,2
57069,2
57078,7
57081,7
57084,2
57085,2
57091,7
57096,2
57109,7
57122,2
57127,7
57131,7
57137,2
57138,7
57139,7
57151,2
57152,7
57153,7
57158,7
57164,7
57167,7
57176,7
57179,7
57184,7
57188,7
57213,7
57218,2
57225,2
57230,2
57231,2
57234,7
57244,2
57245,2
57253,2
57254,7
57264,7
57265,2
57272,7
57274,2
57275,7
57281,2
57284,7
57288,7
57289,7
57295,7
57298,7
57307,7
57320,2
57330,7
57332,2
57337,7
57339,7
57340,2
57346,7
57356,7
57365,2
57368,7
57369,7
57389,7
57391,7
57392,2
57393,2
57395,7
57398,7
57400,7
57402,2
57404,2
57405,2
57406,7
57407,2
57409,7
57432,7
57437,2
57443,2
57450,2
57451,7
57452,2
57455,7
57459,2
57467,7
57469,7
57480,7
57490,7
57495,2
57497,2
57502,7
57503,7
57518,2
57524,7
57530,7
57534,2
57540,2
57541,7
57542,7
57546,7
57547,7
57558,7
57562,2
57564,2
57572,7
57577,7
57587,2
57590,2
57607,2
57616,2
57628,2
57630,7
57632,7
57634,7
57645,7
57653,2
57659,2
57660,2
57665,2
57669,7
57671,2
57677,7
57678,2
57691,7
57693,7
57694,2
57696,2
57703,2
57704,2
57709,7
57714,2
57718,2
57725,2
57728,7
57730,2
57733,7
57737,7
57759,7
57761,7
57762,7
57763,7
57764,2
57769,7
57781,2
57782,7
57786,7
57791,7
57795,2
57798,2
57805,2
57807,2
57813,2
57822,7
57828,7
57838,2
57839,2
57848,2
57857,7
57859,2
57862,2
57872,7
57876,7
57879,7
57880,2
57882,2
57883,2
57885,7
57890,2
57897,2
57902,2
57909,7
57914,7
57918,7
57921,7
57926,7
57927,7
57933,7
57934,7
57941,2
57945,7
57956,7
57960,7
57961,7
57962,7
57968,7
57990,7
57997,7
58003,7
58009,2
58014,7
58015,7
58033,7
58039,7
58041,7
58043,2
58052,2
58053,2
58061,7
58062,2
58069,7
58076,7
58078,7
58081,2
58085,2
58092,2
58101,7
58107,7
58108,2
58115,7
58116,7
58122,7
58127,7
58132,7
58136,2
58142,2
58147,7
58148,7
58171,7
58179,2
58187,2
58190,2
58197,7
58204,7
58205,7
58206,2
58214,2
58224,2
58225,2
58236,7
58248,7
58249,2
58252,7
58254,7
58256,7
58261,2
58264,7
58265,7
58277,7
58282,2
58288,7
58298,2
58303,2
58307,2
58308,2
58310,2
58313,2
58317,2
58331,7
58332,2
58342,7
58346,7
58348,2
58351,7
58353,7
58357,7
58361,2
58368,7
58379,2
58382,2
58384,7
58389,7
58394,7
58398,2
58402,7
58408,7
58423,7
58429,7
58432,2
58440,2
58446,7
58447,7
58453,2
58459,7
58470,7
58474,2
58482,7
58490,2
58503,7
58504,7
58505,7
58508,7
58511,2
58521,2
58524,2
58525,2
58531,2
58532,2
58538,7
58539,7
58543,7
58544,7
58546,7
58549,2
58564,7
58572,2
58575,7
58578,2
58581,7
58583,7
58584,2
58590,7
58602,7
58608,2
58618,2
58628,2
58631,2
58633,7
58650,2
58652,7
58656,7
58657,7
58660,7
58661,2
58664,7
58665,2
58671,2
58672,2
58675,7
58679,2
58685,2
58686,7
58690,7
58693,2
58699,7
58702,7
58704,7
58719,2
58722,2
58741,7
58745,2
58747,2
58751,2
58753,7
58762,7
58765,2
58777,7
58779,7
58791,7
58795,7
58797,7
58806,7
58816,2
58823,7
58826,2
58827,2
58828,7
58834,2
58836,7
58844,7
58852,2
58853,2
58854,7
58855,2
58857,7
58867,2
58869,7
58874,7
58877,2
58882,7
58883,2
58884,2
58885,2
58889,2
58892,2
58895,7
58897,7
58899,7
58902,7
58909,2
58911,2
58912,7
58929,7
58938,2
58945,2
58952,2
58960,7
58969,7
58978,2
58985,7
58986,2
58996,2
59000,7
59003,7
59011,2
59017,7
59020,2
59025,7
59032,7
59036,2
59043,7
59047,7
59049,2
59050,7
59051,7
59052,7
59063,2
59065,2
59067,2
59068,2
59069,2
59080,7
59081,2
59103,7
59112,2
59115,7
59122,7
59131,2
59140,7
59144,2
59153,7
59155,7
59160,2
59162,7
59167,2
59181,2
59189,2
59191,7
59192,7
59193,7
59199,7
59201,7
59205,2
59207,7
59209,2
59213,2
59215,2
59216,7
59221,2
59222,2
59225,2
59232,7
59233,2
59244,2
59260,2
59263,2
59269,7
59273,2
59276,7
59284,2
59291,7
59292,7
59296,7
59307,2
59308,2
59313,2
59315,2
59317,2
59322,2
59343,2
59344,7
59347,7
59348,2
59350,7
59354,7
59357,2
59358,7
59373,7
59378,2
59379,2
59380,2
59384,2
59386,7
59398,2
59400,2
59401,2
59408,7
59409,7
59412,2
59413,2
59417,7
59421,7
59424,2
59427,7
59430,7
59431,2
59437,7
59442,7
59445,2
59446,7
59451,2
59456,7
59461,2
59472,7
59475,7
59481,7
59482,2
59484,7
59487,7
59489,2
59506,7
59509,2
59511,2
59513,2
59523,7
59536,2
59539,7
59542,2
59546,7
59548,2
59551,2
59555,7
59561,2
59564,7
59565,2
59567,7
59582,7
59587,7
59591,7
59594,7
59601,2
59603,7
59607,2
59612,7
59622,2
59623,2
59625,7
59645,7
59650,2
59664,2
59667,2
59668,7
59669,2
59671,2
59676,2
59690,2
59702,7
59704,7
59720,7
59721,2
59729,7
59733,2
59739,7
59742,7
59754,7
59757,2
59760,2
59775,7
59788,2
59791,2
59793,2
59795,7
59803,2
59806,2
59810,7
59815,2
59826,2
59831,7
59836,7
59843,2
59851,7
59853,2
59855,2
59856,7
59859,2
59861,7
59864,2
59871,2
59878,2
59880,2
59882,7
59886,2
59889,2
59893,7
59897,2
59905,7
59911,7
59913,2
59914,7
59916,2
59921,7
59922,7
59923,2
59926,7
59930,2
59933,2
59938,2
59940,7
59942,7
59948,7
59952,7
59956,2
59975,2
59982,2
59989,2
59992,2
59994,7
59996,2
